0004a30b0020096f,-48,8.8,868500000,2,59,1,"11020958,76937735,18043700",2019-03-09 00:06:22.189864
0004a30b0020096f,-48,9.8,868100000,2,60,1,"11020958,76937735,18043700",2019-03-09 00:08:36.468690
0004a30b0020096f,-48,9.8,868300000,2,61,1,"11020958,76937735,18043700",2019-03-09 00:09:11.663764
0004a30b0020096f,-49,10,868100000,2,62,1,"11020958,76937735,18043700",2019-03-09 00:11:18.209890
0004a30b0020096f,-47,10.3,868100000,2,65,1,"11020958,76937735,18043700",2019-03-09 00:14:01.421632
0004a30b0020096f,-51,12,868500000,2,66,1,"11020958,76937735,18043700",2019-03-09 00:14:35.900015
0004a30b0020096f,-52,13,868300000,2,67,1,"11020958,76937735,18043700",2019-03-09 00:14:40.080771
0004a30b0020096f,-48,10.3,868100000,2,68,1,"11020958,76937735,18043700",2019-03-09 00:16:43.003408
0004a30b0020096f,-48,9.3,868500000,2,69,1,"11020958,76937735,18043700",2019-03-09 00:17:13.411779
0004a30b0020096f,-49,13.3,868300000,2,70,1,"11020958,76937735,18043700",2019-03-09 00:17:21.634174
0004a30b0020096f,-51,12,868300000,2,72,1,"11020958,76937735,18043700",2019-03-09 00:20:04.925247
0004a30b0020096f,-50,11.5,868500000,2,73,1,"11020958,76937735,18043700",2019-03-09 00:20:09.119957
0004a30b0020096f,-49,12.5,868100000,2,74,1,"11020958,76937735,18043700",2019-03-09 00:22:07.979637
0004a30b0020096f,-47,9.8,868500000,2,75,1,"11020958,76937735,18043700",2019-03-09 00:22:49.234873
0004a30b0020096f,-48,10.8,868100000,1,76,1,"11020958,76937735,18043700",2019-03-09 00:24:51.733748
0004a30b0020096f,-46,10.8,868300000,1,77,1,"11020958,76937735,18043700",2019-03-09 00:25:34.516985
0004a30b0020096f,-55,9,868500000,1,78,1,"11020958,76937735,18043700",2019-03-09 00:25:48.992805
0004a30b0020096f,-46,9.3,868100000,1,79,1,"11020958,76937735,18043700",2019-03-09 00:30:37.322566
0004a30b0020096f,-45,10.3,868100000,1,81,1,"11020958,76937735,18043700",2019-03-09 00:36:25.619926
0004a30b0020096f,-51,10.8,868300000,1,82,1,"11020958,76937735,18043700",2019-03-09 00:37:09.863988
0004a30b0020096f,-49,8.8,868500000,1,83,1,"11020958,76937735,18043700",2019-03-09 00:37:19.528905
0004a30b0020096f,-54,10.3,868100000,1,84,1,"11020958,76937735,18043700",2019-03-09 00:42:14.034168
0004a30b0020096f,-48,10.3,868300000,1,85,1,"11020958,76937735,18043700",2019-03-09 00:42:56.881903
0004a30b0020096f,-65,10.5,868500000,1,86,1,"11020958,76937735,18043700",2019-03-09 00:43:00.985010
0004a30b0020096f,-59,9.5,868100000,1,87,1,"11020958,76937735,18043700",2019-03-09 00:48:03.721718
0004a30b0020096f,-59,10.5,868300000,1,88,1,"11020958,76937735,18043700",2019-03-09 00:48:46.542599
0004a30b0020096f,-42,9.8,868500000,5,56,1,"0,0,0",2019-03-09 01:20:58.831150
0004a30b0020096f,-41,9.8,868300000,5,56,1,"0,0,0",2019-03-09 01:21:03.159885
0004a30b0020096f,-42,10,868500000,5,57,1,"0,0,0",2019-03-09 01:21:15.372818
0004a30b0020096f,-35,9.8,868300000,5,58,1,"0,0,0",2019-03-09 01:21:19.492517
0004a30b0020096f,-38,10,868100000,5,58,1,"0,0,0",2019-03-09 01:21:23.790463
0004a30b0020096f,-42,10.8,868500000,4,58,1,"0,0,0",2019-03-09 01:21:32.100177
0004a30b0020096f,-41,10.3,868300000,5,59,1,"0,0,0",2019-03-09 01:21:37.316915
0004a30b0020096f,-41,10.3,868100000,5,60,1,"0,0,0",2019-03-09 01:21:41.457547
0004a30b0020096f,-39,9,868100000,5,61,1,"0,0,0",2019-03-09 01:21:53.746124
0004a30b0020096f,-40,10.3,868300000,5,62,1,"0,0,0",2019-03-09 01:21:57.894753
0004a30b0020096f,-41,9.5,868500000,5,62,1,"0,0,0",2019-03-09 01:22:02.188352
0004a30b0020096f,-35,11.3,868300000,4,62,1,"0,0,0",2019-03-09 01:22:10.523138
0004a30b0020096f,-39,10.3,868100000,5,63,1,"0,0,0",2019-03-09 01:22:14.423910
0004a30b0020096f,-41,9.8,868500000,5,64,1,"0,0,0",2019-03-09 01:22:24.073044
0004a30b0020096f,-37,9,868100000,5,64,1,"0,0,0",2019-03-09 01:22:30.346986
0004a30b0020096f,-40,9.8,868500000,5,65,1,"0,0,0",2019-03-09 01:22:32.328030
0004a30b0020096f,-41,10.3,868300000,5,66,1,"0,0,0",2019-03-09 01:22:40.568815
0004a30b0020096f,-41,10,868100000,5,67,1,"0,0,0",2019-03-09 01:22:44.669031
0004a30b0020096f,-42,9.5,868500000,5,68,1,"0,0,0",2019-03-09 01:22:48.774160
0004a30b0020096f,-37,9.5,868300000,5,68,1,"0,0,0",2019-03-09 01:22:55.086783
0004a30b0020096f,-40,11.5,868100000,4,69,1,"0,0,0",2019-03-09 01:23:01.357938
0004a30b0020096f,-40,10,868500000,4,69,1,"0,0,0",2019-03-09 01:23:05.584132
0004a30b0020096f,-42,12,868300000,4,69,1,"0,0,0",2019-03-09 01:23:11.890139
0004a30b0020096f,-42,9.3,868100000,5,70,1,"0,0,0",2019-03-09 01:23:31.533218
0004a30b0020096f,-43,10.5,868500000,5,71,1,"0,0,0",2019-03-09 01:23:35.654122
0004a30b0020096f,-41,9.5,868300000,5,72,1,"0,0,0",2019-03-09 01:23:39.758846
0004a30b0020096f,-43,10,868500000,5,73,1,"0,0,0",2019-03-09 01:23:48.036438
0004a30b0020096f,-42,10.3,868100000,5,73,1,"0,0,0",2019-03-09 01:23:52.330653
0004a30b0020096f,-43,9.8,868300000,5,74,1,"0,0,0",2019-03-09 01:23:57.634582
0004a30b0020096f,-43,9.8,868500000,5,75,1,"0,0,0",2019-03-09 01:24:10.197031
0004a30b0020096f,-43,11.8,868300000,4,75,1,"0,0,0",2019-03-09 01:24:14.499797
0004a30b0020096f,-43,9.8,868500000,5,76,1,"0,0,0",2019-03-09 01:24:22.428222
0004a30b0020096f,-42,9,868100000,5,77,1,"0,0,0",2019-03-09 01:24:26.513391
0004a30b0020096f,-41,9.8,868300000,5,78,1,"0,0,0",2019-03-09 01:24:44.332552
0004a30b0020096f,-38,8.3,868100000,5,79,1,"0,0,0",2019-03-09 01:24:48.446266
0004a30b0020096f,-42,8.8,868500000,5,79,1,"0,0,0",2019-03-09 01:24:52.736380
0004a30b0020096f,-41,9.3,868300000,5,80,1,"0,0,0",2019-03-09 01:25:00.805966
0004a30b0020096f,-40,9,868500000,5,81,1,"0,0,0",2019-03-09 01:25:04.923434
0004a30b0020096f,-40,9.8,868100000,5,82,1,"0,0,0",2019-03-09 01:25:09.069279
0004a30b0020096f,-39,9,868300000,5,83,1,"0,0,0",2019-03-09 01:25:17.356030
0004a30b0020096f,-41,10,868100000,5,84,1,"0,0,0",2019-03-09 01:25:21.427613
0004a30b0020096f,-42,10,868500000,5,85,1,"0,0,0",2019-03-09 01:25:31.130284
0004a30b0020096f,-41,10.5,868300000,5,86,1,"0,0,0",2019-03-09 01:25:35.252264
0004a30b0020096f,-40,10,868500000,5,87,1,"0,0,0",2019-03-09 01:25:39.398767
0004a30b0020096f,-40,10.3,868100000,5,88,1,"0,0,0",2019-03-09 01:25:43.449279
0004a30b0020096f,-40,9.3,868300000,5,89,1,"0,0,0",2019-03-09 01:25:51.688584
0004a30b0020096f,-41,9.8,868500000,5,90,1,"0,0,0",2019-03-09 01:25:55.834171
0004a30b0020096f,-39,8.8,868100000,5,90,1,"0,0,0",2019-03-09 01:26:00.123537
0004a30b0020096f,-38,10.8,868300000,4,91,1,"0,0,0",2019-03-09 01:26:08.275516
0004a30b0020096f,-30,10.3,868100000,5,0,1,ping,2019-03-09 01:26:20.833007
0004a30b0020096f,-31,9.8,868300000,5,1,1,"0,0,0",2019-03-09 01:26:25.662950
0004a30b0020096f,-32,9.3,868500000,5,2,1,"0,0,0",2019-03-09 01:26:29.748789
0004a30b0020096f,-33,10,868300000,5,3,1,"0,0,0",2019-03-09 01:26:38.030896
0004a30b0020096f,-33,8.8,868500000,5,4,1,"0,0,0",2019-03-09 01:26:42.144740
0004a30b0020096f,-33,11.8,868300000,4,4,1,"0,0,0",2019-03-09 01:26:54.783284
0004a30b0020096f,-39,9.5,868100000,5,5,1,"0,0,0",2019-03-09 01:26:58.650146
0004a30b0020096f,-40,8.3,868500000,5,6,1,"0,0,0",2019-03-09 01:27:02.770063
0004a30b0020096f,-41,8.8,868500000,5,0,1,ping,2019-03-09 01:27:45.027277
0004a30b0020096f,-41,8.8,868300000,5,0,1,ping,2019-03-09 01:27:54.824419
0004a30b0020096f,-40,10,868500000,5,1,1,"0,0,0",2019-03-09 01:27:59.620292
0004a30b0020096f,-38,9,868100000,5,2,1,"0,0,0",2019-03-09 01:28:03.733434
0004a30b0020096f,-41,10.8,868500000,5,3,1,"0,0,0",2019-03-09 01:28:12.002754
0004a30b0020096f,-35,8.5,868100000,5,4,1,"0,0,0",2019-03-09 01:28:16.148905
0004a30b0020096f,-37,8.5,868300000,5,5,1,"0,0,0",2019-03-09 01:28:20.224076
0004a30b0020096f,-39,9.5,868300000,5,0,1,ping,2019-03-09 01:28:43.073552
0004a30b0020096f,-35,9,868100000,5,1,1,"0,0,0",2019-03-09 01:28:47.864072
0004a30b0020096f,-33,9.3,868500000,5,2,1,"0,0,0",2019-03-09 01:28:51.979221
0004a30b0020096f,-29,9.3,868300000,5,2,1,"0,0,0",2019-03-09 01:29:00.306371
0004a30b0020096f,-31,11.3,868100000,4,2,1,"0,0,0",2019-03-09 01:29:04.590578
0004a30b0020096f,-44,9.3,868500000,5,3,1,"0,0,0",2019-03-09 01:29:08.446393
0004a30b0020096f,-45,9,868300000,5,4,1,"0,0,0",2019-03-09 01:29:16.685697
0004a30b0020096f,-45,8.8,868500000,5,5,1,"0,0,0",2019-03-09 01:29:24.844341
0004a30b0020096f,-43,8.8,868100000,5,6,1,"0,0,0",2019-03-09 01:29:34.485138
0004a30b0020096f,-41,9.3,868300000,5,7,1,"0,0,0",2019-03-09 01:29:38.578169
0004a30b0020096f,-43,9.8,868500000,5,8,1,"0,0,0",2019-03-09 01:29:42.655838
0004a30b0020096f,-42,9.5,868100000,5,9,1,"0,0,0",2019-03-09 01:29:50.891262
0004a30b0020096f,-43,9.8,868500000,5,10,1,"0,0,0",2019-03-09 01:29:54.979645
0004a30b0020096f,-42,9.5,868300000,5,11,1,"0,0,0",2019-03-09 01:29:59.101781
0004a30b0020096f,-41,8.8,868100000,5,11,1,"0,0,0",2019-03-09 01:30:05.390468
0004a30b0020096f,-42,10.5,868500000,4,12,1,"0,0,0",2019-03-09 01:30:11.478140
0004a30b0020096f,-41,9.5,868300000,5,13,1,"0,0,0",2019-03-09 01:30:21.016158
0004a30b0020096f,-40,8.8,868100000,5,14,1,"0,0,0",2019-03-09 01:30:25.152349
0004a30b0020096f,-24,9,868100000,5,0,1,ping,2019-03-09 01:34:25.243434
0004a30b0020096f,-31,9.5,868100000,5,0,1,ping,2019-03-09 01:34:32.906186
0004a30b0020096f,-31,9.8,868500000,5,1,1,"0,0,0",2019-03-09 01:34:37.717611
0004a30b0020096f,-24,9.3,868300000,5,2,1,"0,0,0",2019-03-09 01:34:41.874382
0004a30b0020096f,-24,9.8,868100000,5,3,1,"0,0,0",2019-03-09 01:34:50.123779
0004a30b0020096f,-24,9,868300000,5,4,1,"0,0,0",2019-03-09 01:34:54.237970
0004a30b0020096f,-25,8.8,868500000,5,4,1,"0,0,0",2019-03-09 01:34:58.529071
0004a30b0020096f,-23,10,868100000,4,4,1,"0,0,0",2019-03-09 01:35:06.873825
0004a30b0020096f,-35,9.3,868300000,5,5,1,"0,0,0",2019-03-09 01:35:10.696066
0004a30b0020096f,-37,9.8,868500000,5,5,1,"0,0,0",2019-03-09 01:35:14.982715
0004a30b0020096f,-36,11.5,868500000,4,5,1,"0,0,0",2019-03-09 01:35:29.325507
0004a30b0020096f,-35,9.5,868300000,5,6,1,"0,0,0",2019-03-09 01:35:32.703407
0004a30b0020096f,-24,9.3,868300000,5,0,1,ping,2019-03-09 01:35:46.222607
0004a30b0020096f,-24,9.8,868100000,5,1,1,"0,0,0",2019-03-09 01:35:51.107020
0004a30b0020096f,-24,8.5,868500000,5,1,1,"0,0,0",2019-03-09 01:35:55.395922
0004a30b0020096f,-23,11.5,868300000,4,2,1,"0,0,0",2019-03-09 01:36:03.478678
0004a30b0020096f,-37,10.5,868500000,5,3,1,"0,0,0",2019-03-09 01:36:07.556745
0004a30b0020096f,-36,8.8,868100000,5,4,1,"0,0,0",2019-03-09 01:36:11.643355
0004a30b0020096f,-37,9.3,868100000,5,5,1,"0,0,0",2019-03-09 01:36:24.046959
0004a30b0020096f,-37,8.5,868500000,5,6,1,"0,0,0",2019-03-09 01:36:28.208207
0004a30b0020096f,-37,9.8,868300000,5,7,1,"0,0,0",2019-03-09 01:36:37.840760
0004a30b0020096f,-36,9.5,868100000,5,8,1,"0,0,0",2019-03-09 01:36:42.017676
0004a30b0020096f,-36,9.5,868500000,5,9,1,"0,0,0",2019-03-09 01:36:46.153124
0004a30b0020096f,-34,9,868300000,5,10,1,"0,0,0",2019-03-09 01:36:50.247607
0004a30b0020096f,-33,9.3,868100000,5,11,1,"0,0,0",2019-03-09 01:36:58.478239
0004a30b0020096f,-36,9.8,868500000,5,11,1,"0,0,0",2019-03-09 01:37:02.759082
0004a30b0020096f,-34,9.3,868300000,5,12,1,"0,0,0",2019-03-09 01:37:06.699102
0004a30b0020096f,-34,8.8,868500000,5,12,1,"0,0,0",2019-03-09 01:37:14.994059
0004a30b0020096f,-35,11.3,868300000,4,12,1,"0,0,0",2019-03-09 01:37:19.323325
0004a30b0020096f,-33,9.3,868100000,5,13,1,"0,0,0",2019-03-09 01:37:24.605965
0004a30b0020096f,-36,10,868500000,5,13,1,"0,0,0",2019-03-09 01:37:30.883303
0004a30b0020096f,-36,11.5,868100000,4,14,1,"0,0,0",2019-03-09 01:37:41.184338
0004a30b0020096f,-23,8.8,868100000,5,0,1,ping,2019-03-09 01:37:51.684111
0004a30b0020096f,-24,9.5,868300000,5,1,1,"0,0,0",2019-03-09 01:37:56.479130
0004a30b0020096f,-26,9.8,868500000,5,1,1,"0,0,0",2019-03-09 01:38:00.807092
0004a30b0020096f,-21,8.5,868500000,5,0,1,ping,2019-03-09 01:39:12.174507
0004a30b0020096f,-23,9,868300000,5,1,1,"0,0,0",2019-03-09 01:39:17.057684
0004a30b0020096f,-23,9.5,868100000,5,1,1,"0,0,0",2019-03-09 01:39:21.336131
0004a30b0020096f,-24,11,868300000,4,2,1,"0,0,0",2019-03-09 01:39:29.485292
0004a30b0020096f,-35,9.5,868100000,5,3,1,"0,0,0",2019-03-09 01:39:33.555278
0004a30b0020096f,-36,8.5,868500000,5,3,1,"0,0,0",2019-03-09 01:39:37.871955
0004a30b0020096f,-24,10,868100000,5,0,1,ping,2019-03-09 01:39:47.448430
0004a30b0020096f,-27,9.8,868500000,5,1,1,"0,0,0",2019-03-09 01:39:52.277476
0004a30b0020096f,-22,9,868300000,5,1,1,"0,0,0",2019-03-09 01:39:56.553289
0004a30b0020096f,-25,11.5,868500000,4,2,1,"0,0,0",2019-03-09 01:40:04.642414
0004a30b0020096f,-34,9.3,868100000,5,3,1,"0,0,0",2019-03-09 01:40:08.675862
0004a30b0020096f,-35,9,868300000,5,4,1,"0,0,0",2019-03-09 01:40:12.802825
0004a30b0020096f,-39,9,868300000,5,4,1,"0,0,0",2019-03-09 01:40:25.102468
0004a30b0020096f,-37,9.3,868100000,5,4,1,"0,0,0",2019-03-09 01:40:29.402359
0004a30b0020096f,-39,10,868500000,4,5,1,"0,0,0",2019-03-09 01:40:39.041531
0004a30b0020096f,-39,12,868100000,4,5,1,"0,0,0",2019-03-09 01:40:43.384001
0004a30b0020096f,-37,10,868300000,5,6,1,"0,0,0",2019-03-09 01:40:47.232382
0004a30b0020096f,-36,9,868500000,5,7,1,"0,0,0",2019-03-09 01:41:03.711820
0004a30b0020096f,-36,9.3,868300000,5,8,1,"0,0,0",2019-03-09 01:41:07.797044
0004a30b0020096f,-34,9.3,868100000,5,9,1,"0,0,0",2019-03-09 01:41:11.940913
0004a30b0020096f,-37,9.5,868500000,5,10,1,"0,0,0",2019-03-09 01:41:25.735947
0004a30b0020096f,-34,9.3,868100000,5,11,1,"0,0,0",2019-03-09 01:41:29.862677
0004a30b0020096f,-35,9,868300000,5,12,1,"0,0,0",2019-03-09 01:41:34.001368
0004a30b0020096f,-37,9.5,868500000,5,12,1,"0,0,0",2019-03-09 01:41:38.271651
0004a30b0020096f,-35,11.3,868100000,4,13,1,"0,0,0",2019-03-09 01:41:46.408301
0004a30b0020096f,-36,9.8,868300000,5,14,1,"0,0,0",2019-03-09 01:41:50.488629
0004a30b0020096f,-36,9.5,868500000,5,15,1,"0,0,0",2019-03-09 01:41:54.568051
0004a30b0020096f,-36,8.8,868500000,5,16,1,"0,0,0",2019-03-09 01:42:12.444977
0004a30b0020096f,-36,9.3,868100000,5,17,1,"0,0,0",2019-03-09 01:42:20.841434
0004a30b0020096f,-36,8.5,868500000,5,17,1,"0,0,0",2019-03-09 01:42:25.126152
0004a30b0020096f,-34,9.5,868100000,5,18,1,"0,0,0",2019-03-09 01:42:33.040953
0004a30b0020096f,-34,9,868300000,5,19,1,"0,0,0",2019-03-09 01:42:37.180521
0004a30b0020096f,-36,11,868500000,5,19,1,"0,0,0",2019-03-09 01:42:41.464135
0004a30b0020096f,-24,9.3,868300000,5,0,1,ping,2019-03-09 01:42:56.355159
0004a30b0020096f,-23,8.5,868100000,5,1,1,"0,0,0",2019-03-09 01:43:01.394390
0004a30b0020096f,-25,9,868500000,5,2,1,"0,0,0",2019-03-09 01:43:05.341548
0004a30b0020096f,-24,10.3,868300000,5,3,1,"0,0,0",2019-03-09 01:43:13.554654
0004a30b0020096f,-25,9,868500000,5,4,1,"0,0,0",2019-03-09 01:43:17.663791
0004a30b0020096f,-23,8.5,868100000,5,4,1,"0,0,0",2019-03-09 01:43:21.958467
0004a30b0020096f,-24,11.8,868300000,4,4,1,"0,0,0",2019-03-09 01:43:30.299941
0004a30b0020096f,-36,10.3,868100000,5,5,1,"0,0,0",2019-03-09 02:03:58.609002
0004a30b0020096f,-37,8.5,868500000,5,6,1,"0,0,0",2019-03-09 02:03:58.621012
0004a30b0020096f,-25,9.3,868500000,5,0,1,ping,2019-03-09 02:07:54.390765
0004a30b0020096f,-28,9,868500000,5,0,1,ping,2019-03-09 02:08:20.110448
0004a30b0020096f,-27,9.3,868100000,5,0,1,ping,2019-03-09 02:08:59.188422
0004a30b0020096f,-24,9,868300000,5,1,1,"0,0,0",2019-03-09 02:09:04.037350
0004a30b0020096f,-28,9.3,868500000,5,2,1,"0,0,0",2019-03-09 02:09:08.196694
0004a30b0020096f,-25,10.8,868100000,5,3,1,"0,0,0",2019-03-09 02:09:16.411931
0004a30b0020096f,-25,9,868300000,5,4,1,"0,0,0",2019-03-09 02:09:20.537030
0004a30b0020096f,-28,9,868500000,5,5,1,"0,0,0",2019-03-09 02:09:24.610279
0004a30b0020096f,-22,8.3,868100000,5,6,1,"0,0,0",2019-03-09 02:09:32.872560
0004a30b0020096f,-23,9.5,868500000,5,7,1,"0,0,0",2019-03-09 02:09:37.043569
0004a30b0020096f,-24,9.5,868300000,5,8,1,"0,0,0",2019-03-09 02:09:41.153868
0004a30b0020096f,-23,9.3,868100000,5,8,1,"0,0,0",2019-03-09 02:09:47.424992
0004a30b0020096f,-22,10.8,868300000,4,9,1,"0,0,0",2019-03-09 02:09:54.989264
0004a30b0020096f,-36,9.5,868500000,5,10,1,"0,0,0",2019-03-09 02:09:59.105363
0004a30b0020096f,-34,10,868100000,5,10,1,"0,0,0",2019-03-09 02:10:03.437659
0004a30b0020096f,-36,9.5,868500000,5,11,1,"0,0,0",2019-03-09 02:10:15.599034
0004a30b0020096f,-35,9.8,868300000,5,11,1,"0,0,0",2019-03-09 02:10:21.866979
0004a30b0020096f,-33,11,868100000,4,11,1,"0,0,0",2019-03-09 02:10:26.181441
0004a30b0020096f,-37,13.3,868300000,3,11,1,"0,0,0",2019-03-09 02:10:38.958537
0004a30b0020096f,-34,8.8,868100000,5,12,1,"0,0,0",2019-03-09 02:10:54.121687
0004a30b0020096f,-34,9,868500000,5,12,1,"0,0,0",2019-03-09 02:10:58.381790
0004a30b0020096f,-33,9.5,868100000,5,13,1,"0,0,0",2019-03-09 02:11:10.593226
0004a30b0020096f,-35,9.8,868500000,5,14,1,"0,0,0",2019-03-09 02:11:24.321872
0004a30b0020096f,-34,9.3,868100000,5,15,1,"0,0,0",2019-03-09 02:11:28.445466
0004a30b0020096f,-35,8.8,868500000,5,16,1,"0,0,0",2019-03-09 02:11:32.512089
0004a30b0020096f,-33,9,868300000,5,17,1,"0,0,0",2019-03-09 02:11:36.638424
0004a30b0020096f,-31,9.8,868100000,5,18,1,"0,0,0",2019-03-09 02:11:44.905852
0004a30b0020096f,-34,9.5,868500000,5,18,1,"0,0,0",2019-03-09 02:11:49.171247
0004a30b0020096f,-31,10,868300000,4,19,1,"0,0,0",2019-03-09 02:11:53.225860
0004a30b0020096f,-33,10,868100000,5,20,1,"0,0,0",2019-03-09 02:12:01.577995
0004a30b0020096f,-35,9.3,868500000,5,21,1,"0,0,0",2019-03-09 02:12:11.076477
0004a30b0020096f,-33,9,868100000,5,21,1,"0,0,0",2019-03-09 02:12:17.390640
0004a30b0020096f,-39,10.5,868500000,5,22,1,"0,0,0",2019-03-09 02:12:19.310558
0004a30b0020096f,-35,9.5,868100000,5,23,1,"0,0,0",2019-03-09 02:12:33.713342
0004a30b0020096f,-36,12,868500000,4,23,1,"0,0,0",2019-03-09 02:12:38.071805
0004a30b0020096f,-33,9.8,868100000,5,24,1,"0,0,0",2019-03-09 02:12:48.246600
0004a30b0020096f,-32,10.5,868300000,4,24,1,"0,0,0",2019-03-09 02:12:56.563123
0004a30b0020096f,-35,11.3,868500000,4,24,1,"0,0,0",2019-03-09 02:13:04.879539
0004a30b0020096f,-34,12,868100000,4,25,1,"0,0,0",2019-03-09 02:13:10.297286
0004a30b0020096f,-33,11,868300000,4,25,1,"0,0,0",2019-03-09 02:13:28.627004
0004a30b0020096f,-36,12.8,868100000,3,25,1,"0,0,0",2019-03-09 02:13:35.045705
0004a30b0020096f,-35,9,868500000,5,26,1,"0,0,0",2019-03-09 02:13:44.618888
0004a30b0020096f,-36,9.5,868500000,5,26,1,"0,0,0",2019-03-09 02:13:54.934935
0004a30b0020096f,-23,8.5,868500000,5,0,1,ping,2019-03-09 02:14:28.664656
0004a30b0020096f,-24,8.8,868300000,5,0,1,ping,2019-03-09 02:14:38.886489
0004a30b0020096f,-20,9.3,868500000,5,1,1,"0,0,0",2019-03-09 02:14:43.706262
0004a30b0020096f,-22,9.3,868100000,5,2,1,"0,0,0",2019-03-09 02:14:47.887082
0004a30b0020096f,-21,9.8,868500000,5,2,1,"0,0,0",2019-03-09 02:14:56.148971
0004a30b0020096f,-19,10.8,868300000,4,2,1,"0,0,0",2019-03-09 02:15:00.462726
0004a30b0020096f,-34,9.8,868100000,5,3,1,"0,0,0",2019-03-09 02:15:04.375544
0004a30b0020096f,-35,8.8,868500000,5,4,1,"0,0,0",2019-03-09 02:15:12.598992
0004a30b0020096f,-34,9.5,868100000,5,5,1,"0,0,0",2019-03-09 02:15:20.824674
0004a30b0020096f,-34,9,868500000,5,5,1,"0,0,0",2019-03-09 02:15:27.152047
0004a30b0020096f,-33,10.5,868300000,4,5,1,"0,0,0",2019-03-09 02:15:31.471758
0004a30b0020096f,-32,9.3,868100000,5,6,1,"0,0,0",2019-03-09 02:15:34.591357
0004a30b0020096f,-36,9.5,868500000,5,7,1,"0,0,0",2019-03-09 02:15:46.966005
0004a30b0020096f,-33,9,868100000,5,8,1,"0,0,0",2019-03-09 02:15:55.244748
0004a30b0020096f,-35,9.5,868500000,5,8,1,"0,0,0",2019-03-09 02:15:59.543057
0004a30b0020096f,-35,11.3,868300000,4,8,1,"0,0,0",2019-03-09 02:16:03.870781
0004a30b0020096f,-23,9,868300000,5,0,1,ping,2019-03-09 02:16:30.546389
0004a30b0020096f,-21,10,868500000,5,1,1,"0,0,0",2019-03-09 02:16:35.355792
0004a30b0020096f,-25,9.3,868100000,5,2,1,"0,0,0",2019-03-09 02:16:42.034717
0004a30b0020096f,-36,10,868300000,5,3,1,"0,0,0",2019-03-09 02:16:48.703196
0004a30b0020096f,-34,9,868100000,5,4,1,"0,0,0",2019-03-09 02:16:55.361703
0004a30b0020096f,-34,8.8,868500000,5,4,1,"0,0,0",2019-03-09 02:16:59.625262
0004a30b0020096f,-34,12,868300000,4,4,1,"0,0,0",2019-03-09 02:17:05.986178
0004a30b0020096f,-33,11,868100000,4,4,1,"0,0,0",2019-03-09 02:17:10.293638
0004a30b0020096f,-35,9.3,868500000,5,5,1,"0,0,0",2019-03-09 02:17:17.025035
0004a30b0020096f,-22,8.8,868300000,5,0,1,ping,2019-03-09 02:17:44.693533
0004a30b0020096f,-23,10,868500000,5,1,1,"0,0,0",2019-03-09 02:17:49.512357
0004a30b0020096f,-21,8.8,868100000,5,2,1,"0,0,0",2019-03-09 02:17:53.635657
0004a30b0020096f,-19,9.5,868500000,5,3,1,"0,0,0",2019-03-09 02:18:01.942337
0004a30b0020096f,-20,9.3,868100000,5,4,1,"0,0,0",2019-03-09 02:18:06.017205
0004a30b0020096f,-22,8.5,868300000,5,4,1,"0,0,0",2019-03-09 02:18:10.349886
0004a30b0020096f,-25,11.5,868500000,4,5,1,"0,0,0",2019-03-09 02:18:18.417455
0004a30b0020096f,-36,9.3,868100000,5,6,1,"0,0,0",2019-03-09 02:18:22.531516
0004a30b0020096f,-37,10,868300000,5,7,1,"0,0,0",2019-03-09 02:18:26.602088
0004a30b0020096f,-35,9,868300000,5,8,1,"0,0,0",2019-03-09 02:18:40.366832
0004a30b0020096f,-36,10,868100000,5,9,1,"0,0,0",2019-03-09 02:18:44.480018
0004a30b0020096f,-39,9.3,868500000,5,10,1,"0,0,0",2019-03-09 02:18:48.606202
0004a30b0020096f,-25,8.5,868500000,5,0,1,ping,2019-03-09 02:19:10.780687
0004a30b0020096f,-23,9.3,868100000,5,1,1,"0,0,0",2019-03-09 02:19:15.590907
0004a30b0020096f,-24,9.5,868300000,5,2,1,"0,0,0",2019-03-09 02:19:19.726473
0004a30b0020096f,-23,9.8,868100000,5,3,1,"0,0,0",2019-03-09 02:19:27.984854
0004a30b0020096f,-22,9.8,868500000,5,3,1,"0,0,0",2019-03-09 02:19:32.256286
0004a30b0020096f,-23,12.3,868300000,4,4,1,"0,0,0",2019-03-09 02:19:36.312472
0004a30b0020096f,-34,9,868100000,5,5,1,"0,0,0",2019-03-09 02:19:44.476144
0004a30b0020096f,-37,8.5,868500000,5,6,1,"0,0,0",2019-03-09 02:19:48.592800
0004a30b0020096f,-36,9.5,868300000,5,7,1,"0,0,0",2019-03-09 02:20:02.322614
0004a30b0020096f,-35,9.3,868100000,5,8,1,"0,0,0",2019-03-09 02:20:06.444473
0004a30b0020096f,-37,9.8,868500000,5,9,1,"0,0,0",2019-03-09 02:20:10.511011
0004a30b0020096f,-36,10,868300000,5,10,1,"0,0,0",2019-03-09 02:20:18.725449
0004a30b0020096f,-34,8.8,868500000,5,10,1,"0,0,0",2019-03-09 02:20:23.004151
0004a30b0020096f,-34,9.5,868100000,5,11,1,"0,0,0",2019-03-09 02:20:27.012907
0004a30b0020096f,-36,9,868300000,5,12,1,"0,0,0",2019-03-09 02:20:35.285990
0004a30b0020096f,-35,9.3,868100000,5,13,1,"0,0,0",2019-03-09 02:20:39.398373
0004a30b0020096f,-36,10,868500000,5,14,1,"0,0,0",2019-03-09 02:20:49.084025
0004a30b0020096f,-21,9.8,868500000,5,1,1,"0,0,0",2019-03-09 02:21:19.486190
0004a30b0020096f,-22,9.3,868300000,5,2,1,"0,0,0",2019-03-09 02:21:23.617440
0004a30b0020096f,-15,9.3,868100000,5,2,1,"0,0,0",2019-03-09 02:21:31.888480
0004a30b0020096f,-19,12,868500000,4,2,1,"0,0,0",2019-03-09 02:21:36.199264
0004a30b0020096f,-35,10,868300000,5,3,1,"0,0,0",2019-03-09 02:21:40.123495
0004a30b0020096f,-36,10.3,868100000,5,3,1,"0,0,0",2019-03-09 02:21:48.404352
0004a30b0020096f,-34,12,868300000,4,3,1,"0,0,0",2019-03-09 02:21:55.059316
0004a30b0020096f,-37,10.5,868500000,5,4,1,"0,0,0",2019-03-09 02:22:10.580626
0004a30b0020096f,-35,10.8,868100000,4,5,1,"0,0,0",2019-03-09 02:22:22.747895
0004a30b0020096f,-36,10,868300000,5,6,1,"0,0,0",2019-03-09 02:22:26.813718
0004a30b0020096f,-36,9.5,868500000,5,7,1,"0,0,0",2019-03-09 02:22:30.979649
0004a30b0020096f,-36,10,868500000,5,7,1,"0,0,0",2019-03-09 02:22:43.245172
0004a30b0020096f,-36,9.3,868100000,5,8,1,"0,0,0",2019-03-09 02:22:53.004566
0004a30b0020096f,-34,9.5,868300000,5,9,1,"0,0,0",2019-03-09 02:22:57.168086
0004a30b0020096f,-36,9.8,868500000,5,9,1,"0,0,0",2019-03-09 02:23:01.540609
0004a30b0020096f,-34,9.3,868100000,5,10,1,"0,0,0",2019-03-09 02:23:09.513563
0004a30b0020096f,-32,9,868300000,5,11,1,"0,0,0",2019-03-09 02:23:13.630877
0004a30b0020096f,-37,9.5,868500000,5,12,1,"0,0,0",2019-03-09 02:23:17.703897
0004a30b0020096f,-35,9.5,868100000,5,13,1,"0,0,0",2019-03-09 02:23:25.963548
0004a30b0020096f,-35,9.8,868300000,5,13,1,"0,0,0",2019-03-09 02:23:30.280250
0004a30b0020096f,-35,11.5,868500000,4,13,1,"0,0,0",2019-03-09 02:23:34.612200
0004a30b0020096f,-32,10.8,868100000,4,13,1,"0,0,0",2019-03-09 02:23:42.924715
0004a30b0020096f,-33,8.8,868300000,5,14,1,"0,0,0",2019-03-09 02:23:48.099392
0004a30b0020096f,-36,9.3,868500000,5,14,1,"0,0,0",2019-03-09 02:24:00.375647
0004a30b0020096f,-35,9.3,868300000,5,14,1,"0,0,0",2019-03-09 02:24:04.687436
0004a30b0020096f,-32,10.5,868100000,4,15,1,"0,0,0",2019-03-09 02:24:12.852550
0004a30b0020096f,-34,8.8,868500000,5,16,1,"0,0,0",2019-03-09 02:24:26.567581
0004a30b0020096f,-35,10,868300000,5,17,1,"0,0,0",2019-03-09 02:24:30.699842
0004a30b0020096f,-37,9,868500000,5,18,1,"0,0,0",2019-03-09 02:24:38.960790
0004a30b0020096f,-33,9,868300000,5,19,1,"0,0,0",2019-03-09 02:24:43.080987
0004a30b0020096f,-35,10.3,868100000,5,19,1,"0,0,0",2019-03-09 02:24:47.353579
0004a30b0020096f,-21,9,868500000,5,0,1,ping,2019-03-09 02:25:11.311670
0004a30b0020096f,-21,9,868500000,5,0,1,ping,2019-03-09 02:26:11.183740
0004a30b0020096f,-22,9.8,868100000,5,0,1,ping,2019-03-09 02:26:34.254049
0004a30b0020096f,-23,8.8,868300000,5,0,1,ping,2019-03-09 02:27:10.111492
0004a30b0020096f,-23,10,868100000,5,1,1,ping,2019-03-09 02:27:14.225149
0004a30b0020096f,-19,9,868500000,5,2,1,ping,2019-03-09 02:27:18.340441
0004a30b0020096f,-23,9.3,868100000,5,3,1,ping,2019-03-09 02:27:26.564508
0004a30b0020096f,-19,9.5,868500000,5,4,1,ping,2019-03-09 02:27:30.690304
0004a30b0020096f,-23,9.5,868300000,5,5,1,ping,2019-03-09 02:27:34.813825
0004a30b0020096f,-20,9.8,868100000,5,6,1,ping,2019-03-09 02:27:43.078215
0004a30b0020096f,-19,8.3,868500000,5,7,1,ping,2019-03-09 02:27:47.194616
0004a30b0020096f,-23,10.3,868300000,5,8,1,"11021128,76937867,20575300",2019-03-09 02:27:53.964664
0004a30b0020096f,-18,10.3,868100000,5,8,1,"11021128,76937867,20575300",2019-03-09 02:27:58.282145
0004a30b0020096f,-19,11.8,868500000,4,8,1,"11021128,76937867,20575300",2019-03-09 02:28:04.645139
0004a30b0020096f,-17,9,868100000,5,0,1,ping,2019-03-09 02:28:35.059454
0004a30b0020096f,-19,9.8,868500000,5,1,1,"11021128,76937867,20584000",2019-03-09 02:28:40.936091
0004a30b0020096f,-21,8.8,868300000,5,1,1,"11021128,76937867,20584000",2019-03-09 02:28:45.250984
0004a30b0020096f,-17,9.5,868100000,5,0,1,ping,2019-03-09 02:28:55.390640
0004a30b0020096f,-19,10.3,868500000,5,1,1,"11021128,76937868,20590000",2019-03-09 02:29:00.953499
0004a30b0020096f,-19,9.8,868300000,5,2,1,"11021128,76937868,20590000",2019-03-09 02:29:05.113048
0004a30b0020096f,-35,9.5,868500000,5,3,1,"11021128,76937868,20590000",2019-03-09 02:29:21.733910
0004a30b0020096f,-32,10.5,868300000,4,4,1,"11021128,76937868,20590000",2019-03-09 02:29:29.993988
0004a30b0020096f,-35,10.8,868100000,5,5,1,"11021127,76937867,20594700",2019-03-09 02:29:47.964035
0004a30b0020096f,-33,9.3,868500000,5,6,1,"11021127,76937867,20594700",2019-03-09 02:29:52.122566
0004a30b0020096f,-35,10.5,868100000,5,6,1,"11021127,76937867,20594700",2019-03-09 02:30:18.739596
0004a30b0020096f,-34,11.5,868500000,4,7,1,"11021127,76937867,20594700",2019-03-09 02:30:21.166583
0004a30b0020096f,-22,8.5,868300000,5,0,1,ping,2019-03-09 02:35:20.100375
0004a30b0020096f,-22,9.5,868300000,5,1,1,"11021470,76937915,21055400",2019-03-09 02:35:53.865802
0004a30b0020096f,-20,9.5,868100000,5,2,1,"11021470,76937915,21055400",2019-03-09 02:35:58.027615
0004a30b0020096f,-21,9.8,868500000,5,3,1,"11021470,76937915,21055400",2019-03-09 02:36:02.218121
0004a30b0020096f,-21,9.5,868100000,5,4,1,"11021470,76937915,21055400",2019-03-09 02:36:22.754576
0004a30b0020096f,-19,9,868500000,5,5,1,"11021470,76937915,21055400",2019-03-09 02:36:31.273036
0004a30b0020096f,-19,10.5,868100000,4,6,1,"11021173,76937875,21064100",2019-03-09 02:36:45.143804
0004a30b0020096f,-32,9.3,868300000,5,7,1,"11021173,76937875,21064100",2019-03-09 02:36:49.211273
0004a30b0020096f,-34,10.3,868500000,5,8,1,"11021173,76937875,21064100",2019-03-09 02:36:53.322281
0004a30b0020096f,-33,9.3,868300000,5,9,1,"11021173,76937875,21064100",2019-03-09 02:37:18.151277
0004a30b0020096f,-35,10,868100000,5,10,1,"11021142,76937883,21072800",2019-03-09 02:37:32.173964
0004a30b0020096f,-33,10.3,868300000,5,11,1,"11021142,76937883,21072800",2019-03-09 02:37:44.394772
0004a30b0020096f,-34,9.5,868500000,5,12,1,"11021142,76937883,21072800",2019-03-09 02:37:48.523117
0004a30b0020096f,-31,9.5,868300000,5,13,1,"11021142,76937883,21072800",2019-03-09 02:38:09.245835
0004a30b0020096f,-34,11.8,868500000,4,14,1,"11021138,76937882,21081500",2019-03-09 02:38:15.016176
0004a30b0020096f,-33,10,868100000,5,15,1,"11021138,76937882,21081500",2019-03-09 02:38:23.232772
