devEUI,rssi,loraSNR,frequency,dr,fCnt,fPort,data,datetime,location

0004a30b001febcf,-115,-16.5,868100000,0,1,1,LOC1,2019-04-23 15:37:19.069769,svpt

0004a30b001febcf,-113,-12.5,868100000,0,2,1,LOC2,2019-04-23 15:37:26.730193,svpt

0004a30b001febcf,-114,-13,868100000,0,3,1,LOC3,2019-04-23 15:37:40.089744,svpt

0004a30b001febcf,-115,-8.5,868500000,0,4,1,LOC4,2019-04-23 15:37:47.902674,svpt

0004a30b001febcf,-114,-4.8,868100000,0,5,1,LOC5,2019-04-23 15:37:55.785881,svpt

0004a30b001febcf,-114,-11,868500000,0,6,1,LOC6,2019-04-23 15:38:03.598988,svpt

0004a30b001febcf,-113,-3.8,868100000,0,7,1,LOC7,2019-04-23 15:38:11.259585,svpt

0004a30b001febcf,-111,-6.5,868300000,0,8,1,LOC8,2019-04-23 15:38:19.075993,svpt

0004a30b001febcf,-114,-5.8,868100000,0,9,1,LOC9,2019-04-23 15:38:26.900778,svpt

0004a30b001febcf,-115,-7.3,868500000,0,10,1,LOC10,2019-04-23 15:38:34.568651,svpt

0004a30b001febcf,-109,-6.8,868500000,0,11,1,LOC11,2019-04-23 15:38:42.391637,svpt

0004a30b001febcf,-114,-9.5,868100000,0,12,1,LOC12,2019-04-23 15:38:50.210605,svpt

0004a30b001febcf,-111,-3.8,868300000,0,13,1,LOC13,2019-04-23 15:38:57.882160,svpt

0004a30b001febcf,-108,-4,868300000,0,14,1,LOC14,2019-04-23 15:39:11.248035,svpt

0004a30b001febcf,-115,-6.8,868500000,0,15,1,LOC15,2019-04-23 15:39:19.110688,svpt

0004a30b001febcf,-112,-0.8,868100000,0,16,1,LOC16,2019-04-23 15:39:26.926100,svpt

0004a30b001febcf,-115,-10.3,868100000,0,17,1,LOC17,2019-04-23 15:39:40.310473,svpt

0004a30b001febcf,-113,-13.3,868500000,0,18,1,LOC18,2019-04-23 15:39:47.967915,svpt

0004a30b001febcf,-115,-11,868100000,0,19,1,LOC19,2019-04-23 15:39:55.827394,svpt

0004a30b001febcf,-115,-7.5,868500000,0,20,1,LOC20,2019-04-23 15:40:03.643266,svpt

0004a30b001febcf,-115,-10.8,868100000,0,21,1,LOC21,2019-04-23 15:40:11.313323,svpt

0004a30b001febcf,-114,-15.3,868300000,0,22,1,LOC22,2019-04-23 15:40:19.130702,svpt

0004a30b001febcf,-115,-9,868100000,0,23,1,LOC23,2019-04-23 15:40:26.947470,svpt

0004a30b001febcf,-115,-8,868100000,0,24,1,LOC24,2019-04-23 15:40:40.184986,svpt

0004a30b001febcf,-115,-8.5,868500000,0,25,1,LOC25,2019-04-23 15:40:47.999641,svpt

0004a30b001febcf,-115,-14.3,868100000,0,26,1,LOC26,2019-04-23 15:40:55.825487,svpt

0004a30b001febcf,-114,-15.3,868500000,0,27,1,LOC27,2019-04-23 15:41:03.498009,svpt

0004a30b001febcf,-115,-13.5,868100000,0,28,1,LOC28,2019-04-23 15:41:11.311759,svpt

0004a30b001febcf,-107,-11,868500000,0,29,1,LOC29,2019-04-23 15:41:19.186003,svpt

0004a30b001febcf,-115,-4.5,868100000,0,30,1,LOC30,2019-04-23 15:41:26.854404,svpt

0004a30b001febcf,-112,-6.3,868300000,1,31,1,LOC1,2019-04-23 15:41:39.013425,svpt

0004a30b001febcf,-113,-3.8,868500000,1,32,1,LOC2,2019-04-23 15:41:45.624680,svpt

0004a30b001febcf,-117,-10.3,868300000,1,33,1,LOC3,2019-04-23 15:41:52.199843,svpt

0004a30b001febcf,-114,-10.8,868500000,1,34,1,LOC4,2019-04-23 15:41:58.618084,svpt

0004a30b001febcf,-114,-6.8,868100000,1,35,1,LOC5,2019-04-23 15:42:05.184018,svpt

0004a30b001febcf,-114,-7.5,868300000,1,36,1,LOC6,2019-04-23 15:42:11.749776,svpt

0004a30b001febcf,-115,-8.5,868500000,1,37,1,LOC7,2019-04-23 15:42:18.362447,svpt

0004a30b001febcf,-117,-7.8,868100000,1,38,1,LOC8,2019-04-23 15:42:24.738173,svpt

0004a30b001febcf,-114,-6.5,868300000,1,39,1,LOC9,2019-04-23 15:42:31.304114,svpt

0004a30b001febcf,-111,-3.5,868500000,1,40,1,LOC10,2019-04-23 15:42:37.919184,svpt

0004a30b001febcf,-111,-6.3,868500000,1,41,1,LOC11,2019-04-23 15:42:44.484378,svpt

0004a30b001febcf,-106,-8.5,868300000,1,42,1,LOC12,2019-04-23 15:42:51.053818,svpt

0004a30b001febcf,-114,-8.3,868300000,1,43,1,LOC13,2019-04-23 15:42:57.468211,svpt

0004a30b001febcf,-114,-8.5,868500000,1,44,1,LOC14,2019-04-23 15:43:04.035482,svpt

0004a30b001febcf,-112,-2.8,868100000,1,45,1,LOC15,2019-04-23 15:43:10.649132,svpt

0004a30b001febcf,-114,-4.3,868100000,1,46,1,LOC16,2019-04-23 15:43:17.225362,svpt

0004a30b001febcf,-113,-8.3,868500000,1,47,1,LOC17,2019-04-23 15:43:23.788335,svpt

0004a30b001febcf,-113,-8.3,868300000,1,48,1,LOC18,2019-04-23 15:43:30.203242,svpt

0004a30b001febcf,-115,-6.5,868100000,1,49,1,LOC19,2019-04-23 15:43:36.783475,svpt

0004a30b001febcf,-107,-1.8,868500000,1,50,1,LOC20,2019-04-23 15:43:43.342506,svpt

0004a30b001febcf,-109,-5.5,868500000,1,51,1,LOC21,2019-04-23 15:43:49.952957,svpt

0004a30b001febcf,-113,-4,868100000,1,52,1,LOC22,2019-04-23 15:43:56.526925,svpt

0004a30b001febcf,-115,-13,868300000,1,53,1,LOC23,2019-04-23 15:44:03.092605,svpt

0004a30b001febcf,-115,-11.8,868100000,1,54,1,LOC24,2019-04-23 15:44:09.503454,svpt

0004a30b001febcf,-109,-13.3,868500000,1,55,1,LOC25,2019-04-23 15:44:16.076650,svpt

0004a30b001febcf,-114,-7.5,868300000,1,56,1,LOC26,2019-04-23 15:44:22.689226,svpt

0004a30b001febcf,-115,-12,868300000,1,57,1,LOC27,2019-04-23 15:44:34.222119,svpt

0004a30b001febcf,-111,-11.5,868300000,1,58,1,LOC28,2019-04-23 15:44:40.786984,svpt

0004a30b001febcf,-115,-8.5,868100000,1,59,1,LOC29,2019-04-23 15:44:52.106305,svpt

0004a30b001febcf,-113,-5.5,868100000,3,0,1,LOC30,2019-04-23 15:45:27.733198,svpt

0004a30b001febcf,-114,-5.5,868500000,2,1,1,LOC1,2019-04-23 15:45:56.015017,svpt

0004a30b001febcf,-113,-2,868100000,2,2,1,LOC3,2019-04-23 15:46:21.066190,svpt

0004a30b001febcf,-115,-12.8,868300000,2,3,1,LOC8,2019-04-23 15:47:23.653846,svpt

0004a30b001febcf,-115,-7.3,868500000,2,4,1,LOC9,2019-04-23 15:47:35.529737,svpt

0004a30b001febcf,-114,-6.3,868100000,2,5,1,LOC11,2019-04-23 15:48:00.591957,svpt

0004a30b001febcf,-115,-7.5,868100000,2,0,1,LOC18,2019-04-23 15:50:07.612599,svpt

0004a30b001febcf,-111,-10.8,868500000,2,0,1,LOC21,2019-04-23 15:51:13.122463,svpt

0004a30b001febcf,-108,-7.3,868300000,2,1,1,LOC22,2019-04-23 15:51:18.950172,svpt

0004a30b001febcf,-115,-7.8,868100000,2,2,1,LOC23,2019-04-23 15:51:24.823962,svpt

0004a30b001febcf,-113,-5.3,868100000,1,3,1,LOC30,2019-04-23 15:53:13.437446,svpt

0004a30b001febcf,-115,-7,868300000,3,0,1,LOC9,2019-04-23 15:55:44.353591,svpt

0004a30b001febcf,-112,-1,868100000,3,1,1,LOC10,2019-04-23 15:55:49.813979,svpt

0004a30b001febcf,-115,-6.3,868500000,3,2,1,LOC11,2019-04-23 15:55:55.385371,svpt

0004a30b001febcf,-113,-11,868300000,3,3,1,LOC15,2019-04-23 15:56:43.444729,svpt

0004a30b001febcf,-115,-8.3,868500000,3,4,1,LOC16,2019-04-23 15:56:48.962158,svpt

0004a30b001febcf,-113,-3.3,868100000,3,5,1,LOC17,2019-04-23 15:56:54.439244,svpt

0004a30b001febcf,-105,-9.8,868300000,3,6,1,LOC21,2019-04-23 15:57:42.573185,svpt

0004a30b001febcf,-114,-7,868500000,3,7,1,LOC22,2019-04-23 15:57:48.042401,svpt

0004a30b001febcf,-113,-4.8,868100000,3,8,1,LOC23,2019-04-23 15:57:53.611938,svpt

0004a30b001febcf,-115,-7,868300000,3,9,1,LOC26,2019-04-23 15:58:34.520315,svpt

0004a30b001febcf,-115,-11.5,868500000,3,10,1,LOC27,2019-04-23 15:58:43.098903,svpt

0004a30b001febcf,-115,-4.8,868100000,3,11,1,LOC28,2019-04-23 15:58:48.619881,svpt

0004a30b001febcf,-114,-5.8,868500000,4,12,1,LOC1,2019-04-23 15:59:38.788915,svpt

0004a30b001febcf,-113,-5.5,868100000,4,13,1,LOC2,2019-04-23 15:59:44.159411,svpt

0004a30b001febcf,-113,-5,868100000,4,14,1,LOC4,2019-04-23 16:00:14.319039,svpt

0004a30b001febcf,-112,-9.8,868500000,4,15,1,LOC5,2019-04-23 16:00:36.134267,svpt

0004a30b001febcf,-114,-3.8,868100000,4,16,1,LOC6,2019-04-23 16:00:42.457042,svpt

0004a30b001febcf,-111,-9.8,868300000,3,17,1,LOC8,2019-04-23 16:01:33.195035,svpt

0004a30b001febcf,-113,-4.3,868100000,5,0,1,LOC8,2019-04-23 16:01:42.658824,svpt

0004a30b001febcf,-113,-4,868100000,3,0,1,LOC8,2019-04-23 16:01:59.713715,svpt

0004a30b001febcf,-112,-5,868500000,3,1,1,LOC9,2019-04-23 16:02:40.918697,svpt

0004a30b001febcf,-113,-2.5,868500000,5,0,1,LOC9,2019-04-23 16:02:45.501331,svpt

0004a30b001febcf,-112,0,868100000,4,1,1,LOC10,2019-04-23 16:02:50.814546,svpt

0004a30b001febcf,-110,-8.3,868300000,4,2,1,LOC11,2019-04-23 16:02:56.186387,svpt

0004a30b001febcf,-114,-2.3,868100000,4,3,1,LOC12,2019-04-23 16:03:14.849841,svpt

0004a30b001febcf,-113,-1.5,868100000,4,4,1,LOC13,2019-04-23 16:03:43.915380,svpt

0004a30b001febcf,-113,-10,868100000,4,5,1,LOC14,2019-04-23 16:04:16.030521,svpt

0004a30b001febcf,-114,-5.5,868100000,5,0,1,LOC15,2019-04-23 16:04:57.021597,svpt

0004a30b001febcf,-114,-6,868500000,4,1,1,LOC16,2019-04-23 16:05:10.617976,svpt

0004a30b001febcf,-112,-1.3,868100000,4,2,1,LOC17,2019-04-23 16:05:15.999869,svpt

0004a30b001febcf,-115,-6.3,868100000,3,3,1,LOC18,2019-04-23 16:05:43.165653,svpt

0004a30b001febcf,-112,-4.8,868100000,4,5,1,LOC21,2019-04-23 16:06:42.928797,svpt

0004a30b001febcf,-115,-6.8,868100000,4,6,1,LOC23,2019-04-23 16:07:11.890332,svpt

0004a30b001febcf,-114,-5.5,868100000,4,7,1,LOC24,2019-04-23 16:07:39.678150,svpt

0004a30b001febcf,-112,-4,868100000,3,8,1,LOC25,2019-04-23 16:08:14.122401,svpt

0004a30b001febcf,-107,-5,868500000,4,0,1,LOC25,2019-04-23 16:08:27.949076,svpt

0004a30b001febcf,-114,-5,868100000,4,1,1,LOC26,2019-04-23 16:08:37.316570,svpt

0004a30b001febcf,-112,-6.3,868500000,4,2,1,LOC27,2019-04-23 16:08:57.027975,svpt

0004a30b001febcf,-113,-2.5,868100000,4,3,1,LOC28,2019-04-23 16:09:06.407763,svpt

0004a30b001febcf,-111,-1.8,868100000,4,4,1,LOC29,2019-04-23 16:09:34.472387,svpt

0004a30b001febcf,-115,-6.8,868100000,4,5,1,LOC30,2019-04-23 16:10:06.505928,svpt

0004a30b001febcf,-114,-4.3,868500000,5,0,1,LOC1,2019-04-23 16:10:22.767029,svpt

0004a30b001febcf,-114,-3.5,868100000,5,1,1,LOC2,2019-04-23 16:10:28.029939,svpt

0004a30b001febcf,-115,-11.3,868100000,3,2,1,LOC3,2019-04-23 16:11:00.964975,svpt

0004a30b001febcf,-114,-4.3,868100000,4,0,1,LOC5,2019-04-23 16:11:43.086447,svpt

0004a30b001febcf,-113,-8,868300000,4,0,1,LOC5,2019-04-23 16:11:51.392947,svpt

0004a30b001febcf,-114,-6,868500000,3,0,1,LOC5,2019-04-23 16:11:55.817281,svpt

0004a30b001febcf,-114,-5.5,868100000,5,1,1,LOC6,2019-04-23 16:12:08.238390,svpt

0004a30b001febcf,-114,-3.8,868100000,5,2,1,LOC7,2019-04-23 16:12:23.814885,svpt

0004a30b001febcf,-114,-2.3,868100000,5,3,1,LOC8,2019-04-23 16:12:40.430469,svpt

0004a30b001febcf,-112,-3,868100000,3,0,1,LOC9,2019-04-23 16:13:19.060139,svpt

0004a30b001febcf,-114,-6,868500000,5,1,1,LOC11,2019-04-23 16:13:38.577924,svpt

0004a30b001febcf,-112,-4.5,868100000,5,0,1,LOC12,2019-04-23 16:14:14.503706,svpt

0004a30b001febcf,-114,-2.8,868100000,3,0,1,LOC12,2019-04-23 16:14:37.888364,svpt

0004a30b001febcf,-113,-3,868100000,5,2,1,LOC14,2019-04-23 16:15:30.526183,svpt

0004a30b001febcf,-114,-3.5,868100000,5,3,1,LOC15,2019-04-23 16:15:46.092932,svpt

0004a30b001febcf,-115,-7.5,868100000,5,4,1,LOC16,2019-04-23 16:16:03.963899,svpt

0004a30b001febcf,-115,-7,868100000,5,5,1,LOC17,2019-04-23 16:16:21.783310,svpt

0004a30b001febcf,-113,-7.3,868100000,5,6,1,LOC18,2019-04-23 16:16:37.600786,svpt

0004a30b001febcf,-114,-4.5,868100000,5,0,1,LOC18,2019-04-23 16:16:43.275245,svpt

0004a30b001febcf,-114,-2.5,868100000,4,1,1,LOC19,2019-04-23 16:17:01.142001,svpt

0004a30b001febcf,-114,-5.5,868500000,4,2,1,LOC20,2019-04-23 16:17:27.404202,svpt

0004a30b001febcf,-111,-2.5,868100000,5,3,1,LOC21,2019-04-23 16:17:32.716632,svpt

0004a30b001febcf,-113,-1.5,868100000,5,0,1,LOC22,2019-04-23 16:18:09.587780,svpt

0004a30b001febcf,-111,-1.5,868500000,5,1,1,LOC23,2019-04-23 16:18:23.103562,svpt

0004a30b001febcf,-114,-12,868100000,3,2,1,LOC24,2019-04-23 16:18:49.779405,svpt

0004a30b001febcf,-114,-3,868100000,5,0,1,LOC26,2019-04-23 16:19:21.299456,svpt

0004a30b001febcf,-111,-1.8,868100000,4,1,1,LOC27,2019-04-23 16:19:39.169857,svpt

0004a30b001febcf,-113,-6.5,868500000,4,2,1,LOC28,2019-04-23 16:20:01.139997,svpt

0004a30b001febcf,-113,-4,868100000,5,3,1,LOC29,2019-04-23 16:20:10.697175,svpt

0004a30b001febcf,-114,-5.3,868100000,5,4,1,LOC30,2019-04-23 16:20:23.065696,svpt



0004a30b001febcf,-111,-4.8,868500000,0,0,1,ping,2019-04-23 16:35:18.694760,aryas

0004a30b001febcf,-113,-0.3,868100000,0,1,1,LOC1,2019-04-23 16:35:25.400368,aryas

0004a30b001febcf,-108,-2.3,868500000,0,2,1,LOC2,2019-04-23 16:35:33.074394,aryas

0004a30b001febcf,-109,-5,868300000,0,3,1,LOC3,2019-04-23 16:35:40.885702,aryas

0004a30b001febcf,-113,-2.3,868100000,0,4,1,LOC4,2019-04-23 16:35:48.562312,aryas

0004a30b001febcf,-106,-1.5,868500000,0,5,1,LOC5,2019-04-23 16:35:56.369610,aryas

0004a30b001febcf,-115,-7.3,868300000,0,6,1,LOC6,2019-04-23 16:36:04.193294,aryas

0004a30b001febcf,-115,-4.5,868500000,0,7,1,LOC7,2019-04-23 16:36:11.866249,aryas

0004a30b001febcf,-111,-1.8,868300000,0,8,1,LOC8,2019-04-23 16:36:19.681531,aryas

0004a30b001febcf,-115,-12,868500000,0,9,1,LOC9,2019-04-23 16:36:27.503708,aryas

0004a30b001febcf,-112,-7,868500000,0,10,1,LOC10,2019-04-23 16:36:35.176973,aryas

0004a30b001febcf,-108,-2,868300000,0,11,1,LOC11,2019-04-23 16:36:43.043989,aryas

0004a30b001febcf,-114,-7.3,868500000,0,12,1,LOC12,2019-04-23 16:36:50.857985,aryas

0004a30b001febcf,-113,-6.8,868300000,0,13,1,LOC13,2019-04-23 16:36:58.527188,aryas

0004a30b001febcf,-113,-2.3,868500000,0,14,1,LOC14,2019-04-23 16:37:06.348496,aryas

0004a30b001febcf,-114,-11.5,868300000,0,15,1,LOC15,2019-04-23 16:37:14.166123,aryas

0004a30b001febcf,-112,-8.3,868500000,0,16,1,LOC16,2019-04-23 16:37:21.839565,aryas

0004a30b001febcf,-105,0.3,868300000,0,17,1,LOC17,2019-04-23 16:37:29.653279,aryas

0004a30b001febcf,-113,-4.8,868300000,0,18,1,LOC18,2019-04-23 16:37:37.535639,aryas

0004a30b001febcf,-113,-7,868500000,0,19,1,LOC19,2019-04-23 16:37:45.202856,aryas

0004a30b001febcf,-108,-2,868300000,0,20,1,LOC20,2019-04-23 16:37:53.006999,aryas

0004a30b001febcf,-114,-2.8,868100000,0,21,1,LOC21,2019-04-23 16:38:00.838723,aryas

0004a30b001febcf,-114,-14.8,868500000,0,22,1,LOC22,2019-04-23 16:38:08.655293,aryas

0004a30b001febcf,-113,-15,868300000,0,23,1,LOC23,2019-04-23 16:38:16.330453,aryas

0004a30b001febcf,-115,-5,868100000,0,24,1,LOC24,2019-04-23 16:38:24.143428,aryas

0004a30b001febcf,-111,-4.8,868300000,0,25,1,LOC25,2019-04-23 16:38:31.963256,aryas

0004a30b001febcf,-104,-3.3,868500000,0,26,1,LOC26,2019-04-23 16:38:39.641590,aryas

0004a30b001febcf,-109,-3.8,868300000,0,27,1,LOC27,2019-04-23 16:38:47.500732,aryas

0004a30b001febcf,-112,0,868100000,0,28,1,LOC28,2019-04-23 16:38:55.313040,aryas

0004a30b001febcf,-114,-12.8,868500000,0,29,1,LOC29,2019-04-23 16:39:03.144059,aryas

0004a30b001febcf,-115,-8.5,868500000,0,30,1,LOC30,2019-04-23 16:39:10.816218,aryas

0004a30b001febcf,-115,-7.5,868300000,1,31,1,LOC1,2019-04-23 16:39:18.033392,aryas

0004a30b001febcf,-104,-4.3,868500000,1,32,1,LOC2,2019-04-23 16:39:24.606501,aryas

0004a30b001febcf,-114,-10.8,868100000,1,33,1,LOC3,2019-04-23 16:39:36.169467,aryas

0004a30b001febcf,-115,-9.5,868500000,1,34,1,LOC4,2019-04-23 16:39:42.578841,aryas

0004a30b001febcf,-113,-12.8,868300000,1,35,1,LOC5,2019-04-23 16:39:59.101826,aryas

0004a30b001febcf,-115,-1.5,868100000,1,36,1,LOC6,2019-04-23 16:40:05.673929,aryas

0004a30b001febcf,-115,-8.5,868500000,1,37,1,LOC7,2019-04-23 16:40:12.291304,aryas

0004a30b001febcf,-112,-8.8,868300000,1,38,1,LOC8,2019-04-23 16:40:23.566574,aryas

0004a30b001febcf,-114,-9.5,868500000,1,39,1,LOC9,2019-04-23 16:40:30.132429,aryas

0004a30b001febcf,-114,-1.3,868100000,1,40,1,LOC10,2019-04-23 16:40:36.745992,aryas

0004a30b001febcf,-115,-14.8,868500000,1,41,1,LOC11,2019-04-23 16:40:48.275543,aryas

0004a30b001febcf,-115,-6.8,868100000,1,42,1,LOC12,2019-04-23 16:40:54.712578,aryas

0004a30b001febcf,-113,-10,868500000,1,43,1,LOC13,2019-04-23 16:41:01.318198,aryas

0004a30b001febcf,-109,-4.8,868300000,1,44,1,LOC14,2019-04-23 16:41:07.844208,aryas

0004a30b001febcf,-114,-9.5,868100000,1,45,1,LOC15,2019-04-23 16:41:14.447695,aryas

0004a30b001febcf,-114,-12.3,868500000,1,46,1,LOC16,2019-04-23 16:41:25.987687,aryas

0004a30b001febcf,-114,-11.5,868300000,1,47,1,LOC17,2019-04-23 16:41:32.392250,aryas

0004a30b001febcf,-109,-10.8,868300000,1,48,1,LOC18,2019-04-23 16:41:43.970294,aryas

0004a30b001febcf,-112,-3.3,868500000,1,49,1,LOC19,2019-04-23 16:41:50.527910,aryas

0004a30b001febcf,-115,-6.3,868300000,1,50,1,LOC20,2019-04-23 16:41:57.091235,aryas

0004a30b001febcf,-112,0.5,868100000,5,0,1,LOC20,2019-04-23 16:42:02.763424,aryas

0004a30b001febcf,-109,-7,868300000,1,1,1,LOC21,2019-04-23 16:42:08.616039,aryas

0004a30b001febcf,-115,-5,868100000,1,2,1,LOC22,2019-04-23 16:42:22.196178,aryas

0004a30b001febcf,-111,-0.3,868300000,2,3,1,LOC5,2019-04-23 16:45:23.760595,aryas

0004a30b001febcf,-112,-7.5,868500000,2,4,1,LOC8,2019-04-23 16:45:57.975806,aryas

0004a30b001febcf,-115,-2,868100000,2,5,1,LOC9,2019-04-23 16:46:05.752244,aryas

0004a30b001febcf,-109,-2,868300000,2,6,1,LOC13,2019-04-23 16:47:03.328468,aryas

0004a30b001febcf,-113,-7.5,868500000,2,7,1,LOC16,2019-04-23 16:47:37.609743,aryas

0004a30b001febcf,-115,-6.5,868100000,2,8,1,LOC17,2019-04-23 16:47:46.417865,aryas

0004a30b001febcf,-108,-3.8,868300000,2,9,1,LOC22,2019-04-23 16:48:56.138357,aryas

0004a30b001febcf,-114,-9,868500000,2,10,1,LOC25,2019-04-23 16:49:30.401459,aryas

0004a30b001febcf,-114,-4.5,868100000,2,11,1,LOC26,2019-04-23 16:49:36.198308,aryas

0004a30b001febcf,-108,0,868300000,3,12,1,LOC2,2019-04-23 16:50:52.840530,aryas

0004a30b001febcf,-115,-4.3,868100000,3,13,1,LOC4,2019-04-23 16:51:12.534437,aryas

0004a30b001febcf,-113,-12,868500000,3,14,1,LOC5,2019-04-23 16:51:19.107672,aryas

0004a30b001febcf,-114,-11.8,868100000,3,15,1,LOC7,2019-04-23 16:52:09.264205,aryas

0004a30b001febcf,-115,-12.5,868100000,3,16,1,LOC8,2019-04-23 16:53:04.584502,aryas

0004a30b001febcf,-113,-5.3,868500000,5,17,1,LOC9,2019-04-23 16:53:05.903874,aryas

0004a30b001febcf,-113,-3.8,868500000,5,0,1,LOC9,2019-04-23 16:53:09.221963,aryas

0004a30b001febcf,-111,1,868100000,3,1,1,LOC10,2019-04-23 16:53:14.654547,aryas

0004a30b001febcf,-108,-7.3,868300000,3,2,1,LOC11,2019-04-23 16:53:20.175948,aryas

0004a30b001febcf,-114,-3.8,868500000,3,3,1,LOC12,2019-04-23 16:53:25.651054,aryas

0004a30b001febcf,-114,-1.8,868100000,3,4,1,LOC15,2019-04-23 16:54:06.616020,aryas

0004a30b001febcf,-113,-11,868300000,3,5,1,LOC16,2019-04-23 16:54:12.174379,aryas

0004a30b001febcf,-114,-6.3,868500000,3,6,1,LOC17,2019-04-23 16:54:22.736944,aryas

0004a30b001febcf,-115,-11.5,868100000,3,7,1,LOC20,2019-04-23 16:55:02.669474,aryas

0004a30b001febcf,-108,-5,868300000,3,8,1,LOC21,2019-04-23 16:55:08.178219,aryas

0004a30b001febcf,-114,-6.3,868100000,3,9,1,LOC22,2019-04-23 16:55:59.164830,aryas

0004a30b001febcf,-114,-2,868100000,5,0,1,LOC23,2019-04-23 16:56:04.174932,aryas

0004a30b001febcf,-111,-3,868300000,3,1,1,LOC24,2019-04-23 16:56:09.549816,aryas

0004a30b001febcf,-108,-3.3,868500000,3,2,1,LOC25,2019-04-23 16:56:15.063117,aryas

0004a30b001febcf,-113,-1,868100000,3,3,1,LOC26,2019-04-23 16:56:22.637597,aryas

0004a30b001febcf,-114,-10,868100000,2,4,1,LOC29,2019-04-23 16:57:20.595627,aryas

0004a30b001febcf,-112,-5.8,868100000,4,0,1,LOC4,2019-04-23 16:58:54.317095,aryas

0004a30b001febcf,-108,-7.5,868300000,4,1,1,LOC5,2019-04-23 16:58:59.673945,aryas

0004a30b001febcf,-111,-4.5,868300000,4,2,1,LOC6,2019-04-23 16:59:23.338903,aryas

0004a30b001febcf,-109,-2.8,868300000,4,3,1,LOC7,2019-04-23 16:59:53.352299,aryas

0004a30b001febcf,-114,-4.5,868500000,4,4,1,LOC8,2019-04-23 17:00:05.080479,aryas

0004a30b001febcf,-112,-7.5,868500000,3,5,1,LOC10,2019-04-23 17:00:37.413439,aryas

0004a30b001febcf,-114,-2.8,868100000,4,6,1,LOC12,2019-04-23 17:01:05.340330,aryas

0004a30b001febcf,-109,2.3,868100000,5,0,1,LOC14,2019-04-23 17:01:30.559623,aryas

0004a30b001febcf,-111,-2.8,868500000,4,1,1,LOC15,2019-04-23 17:01:35.847630,aryas

0004a30b001febcf,-102,-3.8,868300000,4,2,1,LOC16,2019-04-23 17:01:41.231828,aryas

0004a30b001febcf,-115,-6.5,868100000,4,3,1,LOC17,2019-04-23 17:01:48.604610,aryas

0004a30b001febcf,-115,-9,868100000,3,4,1,LOC18,2019-04-23 17:02:20.728918,aryas

0004a30b001febcf,-113,-5.3,868500000,4,5,1,LOC19,2019-04-23 17:02:28.191300,aryas

0004a30b001febcf,-114,-7.8,868100000,4,6,1,LOC20,2019-04-23 17:03:17.659647,aryas

0004a30b001febcf,-110,-1,868500000,5,0,1,LOC21,2019-04-23 17:03:27.375477,aryas

0004a30b001febcf,-111,-3,868300000,4,1,1,LOC22,2019-04-23 17:03:32.641341,aryas

0004a30b001febcf,-111,-0.8,868100000,4,1,1,LOC22,2019-04-23 17:03:45.309217,aryas

0004a30b001febcf,-109,-3.3,868300000,4,2,1,LOC23,2019-04-23 17:03:56.724036,aryas

0004a30b001febcf,-107,-8.3,868300000,4,3,1,LOC24,2019-04-23 17:04:28.844697,aryas

0004a30b001febcf,-113,-7,868100000,4,4,1,LOC25,2019-04-23 17:04:44.527962,aryas

0004a30b001febcf,-112,-4.8,868100000,5,0,1,LOC27,2019-04-23 17:05:14.102942,aryas

0004a30b001febcf,-111,-10.3,868500000,4,1,1,LOC28,2019-04-23 17:05:23.766203,aryas

0004a30b001febcf,-114,-7.5,868100000,4,2,1,LOC29,2019-04-23 17:05:32.085320,aryas

0004a30b001febcf,-111,-3,868300000,4,3,1,LOC30,2019-04-23 17:05:43.511319,aryas

0004a30b001febcf,-113,-6.3,868100000,5,4,1,LOC1,2019-04-23 17:06:01.107004,aryas

0004a30b001febcf,-113,0.8,868100000,4,5,1,LOC2,2019-04-23 17:06:16.969374,aryas

0004a30b001febcf,-111,-3.8,868500000,4,6,1,LOC3,2019-04-23 17:06:36.897114,aryas

0004a30b001febcf,-114,-3.3,868100000,5,7,1,LOC4,2019-04-23 17:06:48.506833,aryas

0004a30b001febcf,-113,-6.8,868500000,5,0,1,LOC5,2019-04-23 17:07:05.490139,aryas

0004a30b001febcf,-109,2.3,868100000,5,1,1,LOC6,2019-04-23 17:07:10.755044,aryas

0004a30b001febcf,-114,-8,868100000,3,2,1,LOC7,2019-04-23 17:07:39.412619,aryas

0004a30b001febcf,-112,-4,868100000,5,0,1,LOC9,2019-04-23 17:08:25.523489,aryas

0004a30b001febcf,-109,-2,868300000,4,1,1,LOC10,2019-04-23 17:08:43.402054,aryas

0004a30b001febcf,-111,-3.5,868500000,5,2,1,LOC11,2019-04-23 17:08:48.721631,aryas

0004a30b001febcf,-113,-1,868100000,5,3,1,LOC12,2019-04-23 17:08:54.003895,aryas

0004a30b001febcf,-115,-8.3,868100000,3,4,1,LOC13,2019-04-23 17:09:28.710727,aryas

0004a30b001febcf,-114,-3,868100000,5,0,1,LOC14,2019-04-23 17:10:00.129561,aryas

0004a30b001febcf,-114,-6.5,868100000,4,1,1,LOC15,2019-04-23 17:10:17.974838,aryas

0004a30b001febcf,-109,-3.3,868300000,4,1,1,LOC15,2019-04-23 17:10:22.281576,aryas

0004a30b001febcf,-113,-1.5,868100000,5,2,1,LOC16,2019-04-23 17:10:46.164861,aryas

0004a30b001febcf,-111,-4.8,868300000,5,3,1,LOC17,2019-04-23 17:10:51.472308,aryas

0004a30b001febcf,-112,1.3,868100000,5,0,1,LOC18,2019-04-23 17:11:19.247975,aryas

0004a30b001febcf,-111,-6,868300000,5,1,1,LOC19,2019-04-23 17:11:24.514868,aryas

0004a30b001febcf,-113,-3.8,868500000,5,0,1,LOC22,2019-04-23 17:12:29.522297,aryas

0004a30b001febcf,-112,0,868100000,5,1,1,LOC23,2019-04-23 17:12:39.054676,aryas

0004a30b001febcf,-106,-3.8,868300000,5,2,1,LOC24,2019-04-23 17:12:46.326707,aryas

0004a30b001febcf,-110,-1.3,868500000,5,3,1,LOC25,2019-04-23 17:12:51.595472,aryas

0004a30b001febcf,-112,0.5,868100000,5,4,1,LOC26,2019-04-23 17:12:56.857001,aryas

0004a30b001febcf,-111,-0.5,868100000,5,5,1,LOC27,2019-04-23 17:13:08.369239,aryas

0004a30b001febcf,-112,0,868100000,4,6,1,LOC28,2019-04-23 17:13:24.241454,aryas

0004a30b001febcf,-114,-6.3,868500000,4,7,1,LOC29,2019-04-23 17:13:44.211535,aryas

0004a30b001febcf,-113,-5,868100000,5,8,1,LOC30,2019-04-23 17:13:55.820839,aryas


0004a30b001febcf,-115,-5.8,868100000,0,0,1,ping,2019-04-23 17:20:38.908342,prozn

0004a30b001febcf,-115,-12.8,868500000,0,1,1,LOC1,2019-04-23 17:20:51.116484,prozn

0004a30b001febcf,-115,-8,868100000,0,2,1,LOC2,2019-04-23 17:20:58.790513,prozn

0004a30b001febcf,-114,-6.8,868100000,0,3,1,LOC3,2019-04-23 17:21:06.601902,prozn

0004a30b001febcf,-114,-10.3,868100000,0,4,1,LOC4,2019-04-23 17:21:19.973730,prozn

0004a30b001febcf,-113,-15.8,868300000,0,5,1,LOC5,2019-04-23 17:21:27.844127,prozn

0004a30b001febcf,-114,-14.5,868100000,0,6,1,LOC6,2019-04-23 17:21:35.515236,prozn

0004a30b001febcf,-113,-12.3,868300000,0,7,1,LOC7,2019-04-23 17:21:43.316932,prozn

0004a30b001febcf,-115,-11,868100000,0,8,1,LOC8,2019-04-23 17:22:02.258989,prozn

0004a30b001febcf,-115,-18,868500000,0,9,1,LOC9,2019-04-23 17:22:10.068712,prozn

0004a30b001febcf,-113,-10.8,868100000,0,10,1,LOC10,2019-04-23 17:22:34.395842,prozn

0004a30b001febcf,-115,-11.3,868100000,0,11,1,LOC11,2019-04-23 17:22:42.217443,prozn

0004a30b001febcf,-115,-10.3,868100000,0,0,1,LOC12,2019-04-23 17:23:47.099795,prozn

0004a30b001febcf,-115,-10.5,868100000,0,0,1,LOC14,2019-04-23 17:23:55.707572,prozn

0004a30b001febcf,-115,-15,868500000,0,0,1,LOC17,2019-04-23 17:25:03.145518,prozn

0004a30b001febcf,-114,-7.8,868100000,0,1,1,LOC18,2019-04-23 17:25:10.801614,prozn

0004a30b001febcf,-107,-14.3,868300000,0,2,1,LOC19,2019-04-23 17:25:18.607328,prozn

0004a30b001febcf,-114,-13.8,868500000,0,0,1,LOC21,2019-04-23 17:26:18.332996,prozn

0004a30b001febcf,-114,-12,868300000,0,1,1,LOC22,2019-04-23 17:26:26.012311,prozn

0004a30b001febcf,-114,-9.5,868100000,0,2,1,LOC23,2019-04-23 17:26:33.876652,prozn

0004a30b001febcf,-114,-11,868100000,0,3,1,LOC20,2019-04-23 17:33:08.806132,prozn

0004a30b001febcf,-117,-11,868100000,2,0,1,LOC7,2019-04-23 17:37:38.692399,prozn

0004a30b001febcf,-115,-12.3,868100000,1,0,1,LOC10,2019-04-23 17:38:53.668496,prozn

0004a30b001febcf,-110,-12.5,868300000,2,0,1,LOC19,2019-04-23 17:41:24.629427,prozn

0004a30b001febcf,-113,-7.8,868100000,2,1,1,LOC20,2019-04-23 17:41:34.992945,prozn

0004a30b001febcf,-114,-10,868500000,2,2,1,LOC27,2019-04-23 17:43:06.066565,prozn

0004a30b001febcf,-114,-12.5,868300000,2,3,1,LOC28,2019-04-23 17:43:11.929822,prozn

0004a30b001febcf,-115,-7,868100000,2,4,1,LOC29,2019-04-23 17:43:17.692296,prozn

0004a30b001febcf,-115,-8,868100000,3,5,1,LOC6,2019-04-23 17:44:52.561790,prozn

0004a30b001febcf,-115,-10.3,868500000,3,0,1,LOC9,2019-04-23 17:45:57.842751,prozn

0004a30b001febcf,-115,-6.8,868100000,3,1,1,LOC10,2019-04-23 17:46:03.308295,prozn

0004a30b001febcf,-114,-4.3,868100000,3,2,1,LOC14,2019-04-23 17:47:22.928843,prozn

0004a30b001febcf,-113,-6.8,868100000,3,3,1,LOC17,2019-04-23 17:48:16.309379,prozn

0004a30b001febcf,-113,-8.5,868500000,3,4,1,LOC18,2019-04-23 17:48:21.822017,prozn

0004a30b001febcf,-114,-9.5,868300000,3,4,1,LOC18,2019-04-23 17:48:58.243998,prozn

0004a30b001febcf,-115,-8.8,868100000,3,0,1,LOC19,2019-04-23 17:49:07.369750,prozn

0004a30b001febcf,-114,-11.5,868300000,3,1,1,LOC20,2019-04-23 17:49:17.289927,prozn

0004a30b001febcf,-114,-6.8,868100000,3,2,1,LOC24,2019-04-23 17:50:05.418229,prozn

0004a30b001febcf,-115,-7.5,868100000,3,3,1,LOC25,2019-04-23 17:51:01.838051,prozn

0004a30b001febcf,-113,-11,868300000,3,0,1,LOC27,2019-04-23 17:51:15.078593,prozn

0004a30b001febcf,-112,-12.5,868500000,3,1,1,LOC28,2019-04-23 17:51:20.605427,prozn

0004a30b001febcf,-115,-7,868100000,4,2,1,LOC2,2019-04-23 17:52:08.568004,prozn

0004a30b001febcf,-113,-8.3,868100000,4,3,1,LOC3,2019-04-23 17:52:36.588604,prozn

0004a30b001febcf,-115,-5,868100000,4,4,1,LOC4,2019-04-23 17:53:08.611640,prozn

0004a30b001febcf,-115,-6.8,868100000,4,5,1,LOC5,2019-04-23 17:53:36.636711,prozn

0004a30b001febcf,-114,-5.5,868100000,4,0,1,LOC6,2019-04-23 17:53:58.268826,prozn

0004a30b001febcf,-115,-4.8,868100000,3,1,1,LOC7,2019-04-23 17:54:23.341997,prozn

0004a30b001febcf,-115,-7.3,868100000,4,3,1,LOC9,2019-04-23 17:55:15.007703,prozn

0004a30b001febcf,-113,-7.8,868100000,5,0,1,LOC9,2019-04-23 17:55:22.625362,prozn

0004a30b001febcf,-115,-8.8,868100000,4,1,1,LOC10,2019-04-23 17:55:36.250204,prozn

0004a30b001febcf,-114,-8,868100000,3,2,1,LOC11,2019-04-23 17:56:04.334851,prozn

0004a30b001febcf,-114,-6.3,868100000,5,0,1,LOC13,2019-04-23 17:56:59.296088,prozn

0004a30b001febcf,-114,-8.3,868100000,3,1,1,LOC14,2019-04-23 17:57:17.351852,prozn

0004a30b001febcf,-115,-7.8,868100000,3,2,1,LOC15,2019-04-23 17:58:14.354728,prozn

0004a30b001febcf,-113,-5.8,868100000,3,0,1,LOC17,2019-04-23 17:58:31.265965,prozn

0004a30b001febcf,-114,-7.3,868100000,3,1,1,LOC19,2019-04-23 17:59:28.087155,prozn

0004a30b001febcf,-113,-9.5,868300000,4,2,1,LOC20,2019-04-23 18:00:20.769592,prozn

0004a30b001febcf,-113,-8.3,868100000,4,3,1,LOC21,2019-04-23 18:00:22.332579,prozn

0004a30b001febcf,-114,-6.8,868100000,3,0,1,LOC21,2019-04-23 18:00:59.400292,prozn

0004a30b001febcf,-114,-8.3,868100000,4,2,1,LOC24,2019-04-23 18:02:00.278635,prozn

0004a30b001febcf,-115,-8,868100000,3,3,1,LOC25,2019-04-23 18:02:25.436821,prozn

0004a30b001febcf,-109,-11,868500000,3,4,1,LOC26,2019-04-23 18:03:12.700047,prozn

0004a30b001febcf,-114,-6,868100000,4,5,1,LOC27,2019-04-23 18:03:20.413156,prozn

0004a30b001febcf,-113,-8.8,868100000,4,6,1,LOC29,2019-04-23 18:03:50.339269,prozn

0004a30b001febcf,-113,-6.5,868100000,5,0,1,LOC1,2019-04-23 18:04:19.767781,prozn

0004a30b001febcf,-114,-8.8,868100000,4,1,1,LOC2,2019-04-23 18:04:37.636553,prozn

0004a30b001febcf,-114,-5.8,868100000,3,2,1,LOC3,2019-04-23 18:05:06.265293,prozn

0004a30b001febcf,-115,-7,868100000,5,0,1,LOC5,2019-04-23 18:05:35.761444,prozn

0004a30b001febcf,-114,-6,868100000,4,1,1,LOC6,2019-04-23 18:05:57.971332,prozn

0004a30b001febcf,-115,-6.8,868100000,4,2,1,LOC7,2019-04-23 18:06:26.199348,prozn

0004a30b001febcf,-114,-8.8,868100000,3,0,1,LOC8,2019-04-23 18:07:04.820817,prozn

0004a30b001febcf,-115,-9,868100000,4,0,1,LOC10,2019-04-23 18:08:09.894422,prozn

0004a30b001febcf,-113,-9.3,868100000,4,1,1,LOC11,2019-04-23 18:08:38.109419,prozn

0004a30b001febcf,-114,-8.5,868100000,4,0,1,LOC12,2019-04-23 18:09:10.297328,prozn

0004a30b001febcf,-112,-8,868100000,4,1,1,LOC13,2019-04-23 18:09:38.465405,prozn

0004a30b001febcf,-113,-7.3,868100000,5,0,1,LOC14,2019-04-23 18:09:58.016260,prozn

0004a30b001febcf,-113,-9.3,868500000,3,1,1,LOC15,2019-04-23 18:10:30.887309,prozn

0004a30b001febcf,-113,-5.5,868100000,5,2,1,LOC16,2019-04-23 18:10:55.651754,prozn

0004a30b001febcf,-115,-8,868100000,4,0,1,LOC17,2019-04-23 18:11:17.224201,prozn

0004a30b001febcf,-114,-7.5,868100000,4,1,1,LOC18,2019-04-23 18:11:46.490063,prozn

0004a30b001febcf,-114,-8.3,868100000,4,0,1,LOC19,2019-04-23 18:12:26.606861,prozn

0004a30b001febcf,-113,-8.3,868500000,4,1,1,LOC20,2019-04-23 18:12:55.878682,prozn

0004a30b001febcf,-115,-7,868100000,5,2,1,LOC21,2019-04-23 18:13:21.739805,prozn

0004a30b001febcf,-117,-7.5,868100000,3,0,1,LOC22,2019-04-23 18:13:54.015267,prozn

0004a30b001febcf,-115,-8,868100000,5,2,1,LOC24,2019-04-23 18:14:46.629815,prozn

0004a30b001febcf,-114,-9,868100000,3,3,1,LOC25,2019-04-23 18:15:19.238055,prozn

0004a30b001febcf,-114,-7.8,868300000,4,4,1,LOC27,2019-04-23 18:15:53.468026,prozn

0004a30b001febcf,-117,-8.5,868500000,5,5,1,LOC28,2019-04-23 18:16:13.037801,prozn

0004a30b001febcf,-114,-4.3,868100000,5,6,1,LOC29,2019-04-23 18:16:18.295842,prozn

0004a30b001febcf,-115,-7,868100000,5,0,1,LOC30,2019-04-23 18:16:35.571501,prozn

0004a30b001febcf,0,0,0,0,0,0,LOC30,2019-04-23 18:16:35.571501,athip

0004a30b001febcf,-114,-19.5,868100000,0,1,1,LOC1,2019-04-23 19:34:44.104425,lmntre

0004a30b001febcf,-112,1.5,868100000,0,0,1,ping,2019-04-23 19:51:58.332927,rjskol

0004a30b001febcf,-108,-3,868300000,0,1,1,LOC1,2019-04-23 19:52:04.980803,rjskol

0004a30b001febcf,-111,-4,868300000,0,2,1,LOC2,2019-04-23 19:52:12.642608,rjskol

0004a30b001febcf,-112,1,868100000,0,3,1,LOC3,2019-04-23 19:52:20.504504,rjskol

0004a30b001febcf,-114,-10.3,868500000,0,4,1,LOC4,2019-04-23 19:52:28.317213,rjskol

0004a30b001febcf,-114,-11,868300000,0,5,1,LOC5,2019-04-23 19:52:35.990178,rjskol

0004a30b001febcf,-113,-2.5,868100000,0,6,1,LOC6,2019-04-23 19:52:43.804982,rjskol

0004a30b001febcf,-114,-12,868500000,0,7,1,LOC7,2019-04-23 19:52:51.632524,rjskol

0004a30b001febcf,-113,-10.3,868100000,0,8,1,LOC8,2019-04-23 19:52:59.309589,rjskol

0004a30b001febcf,-109,-5.3,868300000,0,9,1,LOC9,2019-04-23 19:53:07.118878,rjskol

0004a30b001febcf,-114,-15.3,868500000,0,10,1,LOC10,2019-04-23 19:53:20.499044,rjskol

0004a30b001febcf,-115,-10.3,868100000,0,11,1,LOC11,2019-04-23 19:53:28.160523,rjskol

0004a30b001febcf,-107,-10.3,868300000,0,12,1,LOC12,2019-04-23 19:53:36.017838,rjskol

0004a30b001febcf,-107,-15.3,868300000,0,13,1,LOC13,2019-04-23 19:53:43.831467,rjskol

0004a30b001febcf,-115,-10,868100000,0,14,1,LOC14,2019-04-23 19:53:51.508227,rjskol

0004a30b001febcf,-113,-6.5,868500000,0,15,1,LOC15,2019-04-23 19:53:59.323123,rjskol

0004a30b001febcf,-114,-13.8,868100000,0,16,1,LOC16,2019-04-23 19:54:07.193428,rjskol

0004a30b001febcf,-115,-11.3,868100000,0,17,1,LOC17,2019-04-23 19:54:14.857691,rjskol

0004a30b001febcf,-113,-7,868500000,0,18,1,LOC18,2019-04-23 19:54:22.671338,rjskol

0004a30b001febcf,-114,-10.3,868100000,0,19,1,LOC19,2019-04-23 19:54:30.495851,rjskol

0004a30b001febcf,-115,-16.8,868500000,0,20,1,LOC20,2019-04-23 19:54:49.275046,rjskol

0004a30b001febcf,-115,-11,868100000,0,21,1,LOC21,2019-04-23 19:54:57.089028,rjskol

0004a30b001febcf,-113,-9,868500000,0,22,1,LOC22,2019-04-23 19:55:04.906886,rjskol

0004a30b001febcf,-112,-7.3,868500000,0,23,1,LOC23,2019-04-23 19:55:12.730294,rjskol

0004a30b001febcf,-112,-7.5,868300000,0,24,1,LOC24,2019-04-23 19:55:20.404380,rjskol

0004a30b001febcf,-113,-9.5,868500000,0,25,1,LOC25,2019-04-23 19:55:28.270839,rjskol

0004a30b001febcf,-112,-3.3,868100000,0,26,1,LOC26,2019-04-23 19:55:36.066007,rjskol

0004a30b001febcf,-113,-6,868100000,0,27,1,LOC27,2019-04-23 19:55:43.919629,rjskol

0004a30b001febcf,-115,-11.3,868500000,0,28,1,LOC28,2019-04-23 19:55:51.580786,rjskol

0004a30b001febcf,-113,-5.8,868100000,0,29,1,LOC29,2019-04-23 19:55:59.394929,rjskol

0004a30b001febcf,-114,-9.8,868500000,0,30,1,LOC30,2019-04-23 19:56:07.226508,rjskol

0004a30b001febcf,-114,-5.8,868100000,1,31,1,LOC1,2019-04-23 19:56:14.490305,rjskol

0004a30b001febcf,-108,-9.8,868500000,1,32,1,LOC2,2019-04-23 19:56:20.903713,rjskol

0004a30b001febcf,-106,-8.5,868300000,1,33,1,LOC3,2019-04-23 19:56:27.479362,rjskol

0004a30b001febcf,-114,-2.5,868100000,1,34,1,LOC4,2019-04-23 19:56:34.042619,rjskol

0004a30b001febcf,-112,-8,868500000,1,35,1,LOC5,2019-04-23 19:56:40.615488,rjskol

0004a30b001febcf,-113,-1.8,868100000,1,36,1,LOC6,2019-04-23 19:56:51.922473,rjskol

0004a30b001febcf,-114,-4.8,868500000,1,37,1,LOC7,2019-04-23 19:56:58.502075,rjskol

0004a30b001febcf,-113,-6.8,868300000,1,38,1,LOC8,2019-04-23 19:57:05.069681,rjskol

0004a30b001febcf,-112,-7.3,868500000,1,39,1,LOC9,2019-04-23 19:57:11.473261,rjskol

0004a30b001febcf,-115,-1,868100000,1,40,1,LOC10,2019-04-23 19:57:18.093881,rjskol

0004a30b001febcf,-108,-12.3,868300000,1,41,1,LOC11,2019-04-23 19:57:24.668292,rjskol

0004a30b001febcf,-115,-9.5,868500000,1,42,1,LOC12,2019-04-23 19:57:31.087273,rjskol

0004a30b001febcf,-112,-8.8,868300000,1,43,1,LOC13,2019-04-23 19:57:37.654429,rjskol

0004a30b001febcf,-115,-6.8,868100000,1,44,1,LOC14,2019-04-23 19:57:44.224583,rjskol

0004a30b001febcf,-112,-9.5,868300000,1,45,1,LOC15,2019-04-23 19:57:50.631215,rjskol

0004a30b001febcf,-115,0.5,868100000,1,46,1,LOC16,2019-04-23 19:57:57.208212,rjskol

0004a30b001febcf,-112,-11,868300000,1,47,1,LOC17,2019-04-23 19:58:03.767449,rjskol

0004a30b001febcf,-110,-9,868300000,1,48,1,LOC18,2019-04-23 19:58:10.184419,rjskol

0004a30b001febcf,-113,-2.8,868100000,1,49,1,LOC19,2019-04-23 19:58:16.808237,rjskol

0004a30b001febcf,-111,-14.5,868500000,1,50,1,LOC20,2019-04-23 19:58:28.335402,rjskol

0004a30b001febcf,-114,-10.8,868300000,1,51,1,LOC21,2019-04-23 19:58:39.661806,rjskol

0004a30b001febcf,-114,-2.5,868100000,1,52,1,LOC22,2019-04-23 19:58:46.229025,rjskol

0004a30b001febcf,-106,-10.3,868500000,1,53,1,LOC23,2019-04-23 19:58:52.791482,rjskol

0004a30b001febcf,-115,-6.3,868100000,1,54,1,LOC24,2019-04-23 19:58:59.206017,rjskol

0004a30b001febcf,-111,-11.3,868500000,1,55,1,LOC25,2019-04-23 19:59:05.744214,rjskol

0004a30b001febcf,-117,-4.3,868300000,1,56,1,LOC26,2019-04-23 19:59:12.303460,rjskol

0004a30b001febcf,-114,-7.3,868100000,1,57,1,LOC27,2019-04-23 19:59:18.868347,rjskol

0004a30b001febcf,-113,-10.8,868500000,1,58,1,LOC28,2019-04-23 19:59:25.284192,rjskol

0004a30b001febcf,-114,-8,868100000,1,59,1,LOC29,2019-04-23 19:59:31.853254,rjskol

0004a30b001febcf,-114,-8.8,868500000,1,60,1,LOC30,2019-04-23 19:59:38.426435,rjskol

0004a30b001febcf,-109,-7.8,868300000,2,61,1,LOC1,2019-04-23 19:59:44.542861,rjskol

0004a30b001febcf,-114,-9.8,868500000,2,62,1,LOC2,2019-04-23 19:59:50.353129,rjskol

0004a30b001febcf,-114,-5,868100000,2,63,1,LOC3,2019-04-23 19:59:56.190971,rjskol

0004a30b001febcf,-112,-8.8,868300000,2,64,1,LOC4,2019-04-23 20:00:01.962458,rjskol

0004a30b001febcf,-115,-7,868100000,2,65,1,LOC5,2019-04-23 20:00:07.781925,rjskol

0004a30b001febcf,-115,-8.8,868100000,2,66,1,LOC6,2019-04-23 20:00:13.641949,rjskol

0004a30b001febcf,-108,-11,868300000,2,67,1,LOC7,2019-04-23 20:00:19.412083,rjskol

0004a30b001febcf,-115,-11.8,868100000,2,68,1,LOC8,2019-04-23 20:00:25.217606,rjskol

0004a30b001febcf,-112,-7.8,868300000,2,69,1,LOC9,2019-04-23 20:00:31.055498,rjskol

0004a30b001febcf,-107,-8.5,868300000,2,70,1,LOC10,2019-04-23 20:00:36.889470,rjskol

0004a30b001febcf,-115,-6,868100000,2,71,1,LOC11,2019-04-23 20:00:42.744687,rjskol

0004a30b001febcf,-115,-4.3,868100000,2,72,1,LOC12,2019-04-23 20:00:48.606315,rjskol

0004a30b001febcf,-114,-13.3,868500000,2,73,1,LOC13,2019-04-23 20:00:54.465131,rjskol

0004a30b001febcf,-115,-8.8,868100000,2,74,1,LOC14,2019-04-23 20:01:00.239409,rjskol

0004a30b001febcf,-113,-11,868300000,2,75,1,LOC15,2019-04-23 20:01:06.086300,rjskol

0004a30b001febcf,-113,-8.3,868500000,2,76,1,LOC16,2019-04-23 20:01:12.006055,rjskol

0004a30b001febcf,-109,-7,868300000,2,77,1,LOC17,2019-04-23 20:01:17.778122,rjskol

0004a30b001febcf,-112,-8.5,868300000,2,78,1,LOC18,2019-04-23 20:01:23.640498,rjskol

0004a30b001febcf,-108,-8.8,868300000,2,79,1,LOC19,2019-04-23 20:01:29.519650,rjskol

0004a30b001febcf,-111,-5,868300000,2,80,1,LOC20,2019-04-23 20:01:35.293687,rjskol

0004a30b001febcf,-113,-1,868100000,2,81,1,LOC21,2019-04-23 20:01:41.165751,rjskol

0004a30b001febcf,-115,-4.8,868100000,5,0,1,LOC22,2019-04-23 20:02:01.603762,rjskol

0004a30b001febcf,-113,-6.8,868500000,2,1,1,LOC23,2019-04-23 20:02:07.156506,rjskol

0004a30b001febcf,-113,-3.5,868100000,2,2,1,LOC24,2019-04-23 20:02:16.010351,rjskol

0004a30b001febcf,-114,-7.5,868300000,2,3,1,LOC25,2019-04-23 20:02:21.921838,rjskol

0004a30b001febcf,-113,-7,868500000,3,4,1,LOC1,2019-04-23 20:03:42.598153,rjskol

0004a30b001febcf,-115,-5.3,868100000,3,5,1,LOC3,2019-04-23 20:04:08.315905,rjskol

0004a30b001febcf,-107,-8.5,868300000,3,6,1,LOC4,2019-04-23 20:04:13.838447,rjskol

0004a30b001febcf,-112,-10,868500000,3,7,1,LOC6,2019-04-23 20:04:38.616371,rjskol

0004a30b001febcf,-114,-5.8,868100000,3,8,1,LOC8,2019-04-23 20:04:59.286552,rjskol

0004a30b001febcf,-115,-10.5,868100000,3,9,1,LOC9,2019-04-23 20:05:50.639470,rjskol

0004a30b001febcf,-112,0,868100000,4,0,1,LOC10,2019-04-23 20:06:03.875926,rjskol

0004a30b001febcf,-111,-3.5,868500000,3,1,1,LOC11,2019-04-23 20:06:13.340825,rjskol

0004a30b001febcf,-111,-3.5,868300000,3,2,1,LOC12,2019-04-23 20:06:18.900130,rjskol

0004a30b001febcf,-114,-2,868100000,3,3,1,LOC13,2019-04-23 20:06:32.463472,rjskol

0004a30b001febcf,-115,-8.8,868100000,2,4,1,LOC16,2019-04-23 20:07:29.425520,rjskol

0004a30b001febcf,-113,-6.8,868500000,3,0,1,LOC21,2019-04-23 20:09:03.231071,rjskol

0004a30b001febcf,-107,-5.8,868300000,3,1,1,LOC22,2019-04-23 20:09:08.739148,rjskol

0004a30b001febcf,-111,-1.3,868100000,3,2,1,LOC23,2019-04-23 20:09:14.219697,rjskol

0004a30b001febcf,-112,-8.3,868500000,3,3,1,LOC27,2019-04-23 20:10:02.327872,rjskol

0004a30b001febcf,-113,-3.8,868100000,3,4,1,LOC28,2019-04-23 20:10:07.851424,rjskol

0004a30b001febcf,-114,-7.8,868300000,3,5,1,LOC29,2019-04-23 20:10:13.374425,rjskol

0004a30b001febcf,-112,-6.5,868500000,4,6,1,LOC3,2019-04-23 20:11:01.471716,rjskol

0004a30b001febcf,-114,-3.8,868100000,4,7,1,LOC4,2019-04-23 20:11:06.718192,rjskol

0004a30b001febcf,-108,-4.8,868300000,4,8,1,LOC5,2019-04-23 20:11:12.083193,rjskol

0004a30b001febcf,-114,-6.3,868100000,4,9,1,LOC7,2019-04-23 20:11:35.951866,rjskol

0004a30b001febcf,-111,-9.3,868300000,4,10,1,LOC8,2019-04-23 20:11:41.312881,rjskol

0004a30b001febcf,-112,-4,868500000,4,11,1,LOC10,2019-04-23 20:12:00.885412,rjskol

0004a30b001febcf,-114,-8.3,868100000,4,12,1,LOC11,2019-04-23 20:12:06.241152,rjskol

0004a30b001febcf,-115,-5.5,868100000,3,13,1,LOC12,2019-04-23 20:12:40.626144,rjskol

0004a30b001febcf,-114,-5.5,868500000,4,0,1,LOC12,2019-04-23 20:12:54.543196,rjskol

0004a30b001febcf,-114,-2.8,868100000,4,1,1,LOC13,2019-04-23 20:13:08.260966,rjskol

0004a30b001febcf,-113,-7,868500000,4,2,1,LOC14,2019-04-23 20:13:22.684792,rjskol

0004a30b001febcf,-111,-8.5,868300000,4,3,1,LOC15,2019-04-23 20:13:33.062584,rjskol

0004a30b001febcf,-115,-5.5,868100000,4,4,1,LOC16,2019-04-23 20:13:38.426132,rjskol

0004a30b001febcf,-113,-5.8,868100000,4,5,1,LOC18,2019-04-23 20:14:02.300895,rjskol

0004a30b001febcf,-113,-7.8,868300000,4,6,1,LOC19,2019-04-23 20:14:07.651673,rjskol

0004a30b001febcf,-111,-7,868300000,3,7,1,LOC21,2019-04-23 20:14:39.980585,rjskol

0004a30b001febcf,-106,-8.5,868500000,4,8,1,LOC22,2019-04-23 20:14:54.496550,rjskol

0004a30b001febcf,-113,-6,868100000,4,9,1,LOC23,2019-04-23 20:15:02.867843,rjskol

0004a30b001febcf,-113,-7.8,868300000,4,10,1,LOC25,2019-04-23 20:15:32.783146,rjskol

0004a30b001febcf,-113,-4.8,868100000,4,11,1,LOC26,2019-04-23 20:15:38.112722,rjskol

0004a30b001febcf,-108,-7.8,868500000,4,12,1,LOC28,2019-04-23 20:15:57.679633,rjskol

0004a30b001febcf,-113,-4.5,868100000,4,0,1,LOC29,2019-04-23 20:16:17.294763,rjskol

0004a30b001febcf,-113,-3.5,868500000,4,1,1,LOC30,2019-04-23 20:16:25.685331,rjskol

0004a30b001febcf,-114,-3,868100000,5,2,1,LOC1,2019-04-23 20:16:43.240466,rjskol

0004a30b001febcf,-114,-5,868100000,5,3,1,LOC2,2019-04-23 20:16:59.449477,rjskol

0004a30b001febcf,-111,-6.8,868300000,5,4,1,LOC3,2019-04-23 20:17:04.733212,rjskol

0004a30b001febcf,-112,-6.5,868500000,5,0,1,LOC4,2019-04-23 20:17:30.491805,rjskol

0004a30b001febcf,-113,-3.3,868100000,5,1,1,LOC5,2019-04-23 20:17:35.760873,rjskol

0004a30b001febcf,-115,-7.8,868100000,5,2,1,LOC6,2019-04-23 20:17:51.567372,rjskol

0004a30b001febcf,-115,-8.3,868100000,4,3,1,LOC7,2019-04-23 20:18:20.088922,rjskol

0004a30b001febcf,-111,-2.5,868300000,5,0,1,LOC8,2019-04-23 20:18:31.025953,rjskol

0004a30b001febcf,-113,-1.8,868500000,5,0,1,LOC8,2019-04-23 20:18:35.341268,rjskol

0004a30b001febcf,-113,-2,868100000,5,1,1,LOC9,2019-04-23 20:18:40.572062,rjskol

0004a30b001febcf,-108,-4.8,868300000,5,2,1,LOC10,2019-04-23 20:18:47.889765,rjskol

0004a30b001febcf,-111,-5,868300000,5,3,1,LOC11,2019-04-23 20:19:06.019084,rjskol

0004a30b001febcf,-113,-3.3,868100000,5,4,1,LOC12,2019-04-23 20:19:15.586120,rjskol

0004a30b001febcf,-114,-6.8,868100000,4,5,1,LOC13,2019-04-23 20:19:31.458013,rjskol

0004a30b001febcf,-113,-5.8,868500000,4,0,1,LOC14,2019-04-23 20:19:57.380572,rjskol

0004a30b001febcf,-114,-7.8,868100000,5,1,1,LOC15,2019-04-23 20:20:09.936935,rjskol

0004a30b001febcf,-114,-2,868100000,5,2,1,LOC16,2019-04-23 20:20:25.564264,rjskol

0004a30b001febcf,-111,-7.8,868300000,5,3,1,LOC17,2019-04-23 20:20:37.143116,rjskol

0004a30b001febcf,-113,-4.5,868100000,5,4,1,LOC18,2019-04-23 20:20:42.377854,rjskol

0004a30b001febcf,-114,-5,868100000,5,5,1,LOC19,2019-04-23 20:20:53.937330,rjskol

0004a30b001febcf,-111,-6.3,868500000,5,0,1,LOC20,2019-04-23 20:21:13.403886,rjskol

0004a30b001febcf,-115,-4.8,868100000,4,1,1,LOC21,2019-04-23 20:21:35.571734,rjskol

0004a30b001febcf,-113,-4.3,868100000,4,2,1,LOC22,2019-04-23 20:22:00.539242,rjskol

0004a30b001febcf,-113,-7.5,868500000,5,3,1,LOC23,2019-04-23 20:22:05.848267,rjskol

0004a30b001febcf,-114,-7.8,868100000,5,0,1,LOC24,2019-04-23 20:22:31.368483,rjskol

0004a30b001febcf,-114,-7,868100000,5,1,1,LOC25,2019-04-23 20:22:49.207070,rjskol

0004a30b001febcf,-114,-6,868100000,4,2,1,LOC26,2019-04-23 20:23:11.373322,rjskol

0004a30b001febcf,-113,-3.8,868100000,5,0,1,LOC27,2019-04-23 20:23:31.931848,rjskol

0004a30b001febcf,-114,-4,868100000,5,1,1,LOC28,2019-04-23 20:23:47.449626,rjskol

0004a30b001febcf,-113,-6.3,868100000,4,2,1,LOC29,2019-04-23 20:24:03.378527,rjskol

0004a30b001febcf,-114,-5,868100000,5,0,1,LOC30,2019-04-23 20:24:37.560456,rjskol


0004a30b001febcf,-115,-19.5,868100000,0,1,1,LOC1,2019-04-23 20:38:14.094521,3strbuildpolice

0004a30b001febcf,-113,-14.5,868300000,0,0,1,ping,2019-04-23 20:49:33.767521,timhme

0004a30b001febcf,-115,-10.8,868100000,0,1,1,LOC1,2019-04-23 20:49:40.397448,timhme

0004a30b001febcf,-113,-15.5,868100000,0,0,1,LOC3,2019-04-23 20:50:46.021884,timhme

0004a30b001febcf,-114,-17.8,868500000,0,0,1,LOC3,2019-04-23 20:50:51.553048,timhme

0004a30b001febcf,-113,-15,868500000,0,0,1,ping,2019-04-23 20:51:01.233010,timhme

0004a30b001febcf,-113,-17.3,868100000,0,1,1,LOC1,2019-04-23 20:51:13.436761,timhme

0004a30b001febcf,-115,-17.3,868100000,0,1,1,LOC1,2019-04-23 20:51:30.100375,timhme

0004a30b001febcf,-114,-11.5,868100000,0,2,1,LOC2,2019-04-23 20:51:56.613552,timhme

0004a30b001febcf,-115,-13.8,868300000,0,2,1,LOC2,2019-04-23 20:52:02.187921,timhme

0004a30b001febcf,-115,-18.3,868100000,0,1,1,LOC1,2019-04-23 20:52:26.852928,timhme

0004a30b001febcf,-113,-17,868100000,0,1,1,LOC1,2019-04-23 20:52:50.273274,timhme

0004a30b001febcf,-113,-14,868500000,0,2,1,LOC2,2019-04-23 20:54:06.798493,timhme

0004a30b001febcf,-114,-16.3,868100000,0,3,1,LOC3,2019-04-23 20:54:11.153347,timhme

0004a30b001febcf,-114,-13.8,868500000,0,3,1,LOC3,2019-04-23 20:54:16.719881,timhme

0004a30b001febcf,-117,-14.3,868300000,0,4,1,LOC4,2019-04-23 20:54:24.383269,timhme

0004a30b001febcf,-109,-12.3,868500000,0,4,1,LOC4,2019-04-23 20:54:29.891656,timhme

0004a30b001febcf,-114,-13,868300000,0,4,1,LOC4,2019-04-23 20:54:35.465845,timhme

0004a30b001febcf,-114,-15.3,868300000,0,4,1,LOC4,2019-04-23 20:54:46.578705,timhme

0004a30b001febcf,-114,-10.3,868100000,0,0,1,LOC6,2019-04-23 20:55:57.906759,timhme

0004a30b001febcf,-103,-14.5,868300000,0,0,1,LOC6,2019-04-23 20:56:03.491173,timhme

0004a30b001febcf,-114,-15.5,868300000,0,0,1,LOC8,2019-04-23 20:57:03.209088,timhme

0004a30b001febcf,-114,-16.5,868300000,0,0,1,LOC10,2019-04-23 20:57:57.387736,timhme

0004a30b001febcf,-114,-17,868300000,0,0,1,LOC12,2019-04-23 20:58:51.602324,timhme

0004a30b001febcf,-115,-10.8,868100000,0,0,1,LOC12,2019-04-23 20:58:57.122067,timhme

0004a30b001febcf,-115,-18,868500000,0,0,1,LOC12,2019-04-23 20:59:02.707696,timhme

0004a30b001febcf,-114,-14.5,868100000,0,0,1,LOC14,2019-04-23 20:59:51.367598,timhme

0004a30b001febcf,-114,-13.5,868500000,0,0,1,LOC16,2019-04-23 21:00:56.635209,timhme

0004a30b001febcf,-114,-16.5,868300000,0,0,1,LOC16,2019-04-23 21:01:02.202710,timhme

0004a30b001febcf,-115,-13.5,868100000,0,0,1,LOC18,2019-04-23 21:01:50.813775,timhme

0004a30b001febcf,-113,-16.5,868300000,0,0,1,LOC18,2019-04-23 21:01:56.371310,timhme

0004a30b001febcf,-114,-18.3,868500000,0,0,1,LOC20,2019-04-23 21:02:50.582222,timhme

0004a30b001febcf,-114,-15.8,868300000,0,0,1,LOC20,2019-04-23 21:02:56.111476,timhme

0004a30b001febcf,-115,-12.5,868100000,0,0,1,LOC20,2019-04-23 21:03:01.687725,timhme

0004a30b001febcf,-114,-12.8,868100000,0,0,1,LOC22,2019-04-23 21:04:01.403091,timhme

0004a30b001febcf,-115,-12.5,868100000,0,1,1,LOC20,2019-04-23 21:10:42.191435,timhme

0004a30b001febcf,-115,-11.8,868100000,0,0,1,LOC22,2019-04-23 21:11:41.893771,timhme

0004a30b001febcf,-114,-12.3,868100000,1,0,1,LOC24,2019-04-23 21:12:36.068193,timhme

0004a30b001febcf,-112,-18.3,868300000,0,0,1,LOC24,2019-04-23 21:12:41.634816,timhme

0004a30b001febcf,-115,-11.8,868100000,1,0,1,LOC26,2019-04-23 21:13:30.932488,timhme

0004a30b001febcf,-114,-16.3,868300000,1,0,1,LOC26,2019-04-23 21:13:35.817851,timhme

0004a30b001febcf,-114,-11.3,868100000,1,0,1,LOC28,2019-04-23 21:14:30.644609,timhme

0004a30b001febcf,-117,-11.3,868100000,1,0,1,LOC30,2019-04-23 21:15:35.268965,timhme

0004a30b001febcf,-114,-18.3,868500000,0,0,1,LOC30,2019-04-23 21:15:40.823639,timhme

0004a30b001febcf,-114,-11.8,868100000,2,0,1,LOC2,2019-04-23 21:16:29.792518,timhme

0004a30b001febcf,-115,-13.5,868100000,2,0,1,LOC4,2019-04-23 21:17:34.063482,timhme

0004a30b001febcf,-115,-12.3,868100000,2,0,1,LOC6,2019-04-23 21:18:29.225595,timhme

0004a30b001febcf,-115,-13.8,868100000,2,0,1,LOC8,2019-04-23 21:19:28.946869,timhme

0004a30b001febcf,-115,-12.5,868100000,2,0,1,LOC10,2019-04-23 21:20:33.218189,timhme

0004a30b001febcf,-112,-14,868100000,2,0,1,LOC12,2019-04-23 21:21:33.000664,timhme

0004a30b001febcf,-114,-13.5,868100000,2,0,1,LOC14,2019-04-23 21:22:28.162526,timhme

0004a30b001febcf,-112,-16.5,868300000,1,0,1,LOC14,2019-04-23 21:22:37.626849,timhme

0004a30b001febcf,-114,-12.3,868100000,2,0,1,LOC16,2019-04-23 21:23:27.897462,timhme

0004a30b001febcf,-115,-11.3,868100000,1,0,1,LOC18,2019-04-23 21:24:37.062264,timhme

0004a30b001febcf,-115,-12.3,868100000,2,0,1,LOC20,2019-04-23 21:25:31.932978,timhme

0004a30b001febcf,-114,-12,868100000,1,0,1,LOC22,2019-04-23 21:26:36.552353,timhme

0004a30b001febcf,-115,-11.3,868100000,1,0,1,LOC24,2019-04-23 21:27:36.312948,timhme

0004a30b001febcf,-115,-11.8,868100000,1,0,1,LOC26,2019-04-23 21:28:36.024057,timhme

0004a30b001febcf,-115,-13,868100000,2,0,1,LOC28,2019-04-23 21:29:30.855436,timhme

0004a30b001febcf,-115,-11.5,868100000,2,0,1,LOC30,2019-04-23 21:30:30.589990,timhme

0004a30b001febcf,-113,-16,868300000,1,0,1,LOC30,2019-04-23 21:30:35.513441,timhme

0004a30b001febcf,-114,-12.5,868100000,3,0,1,LOC2,2019-04-23 21:31:29.987508,timhme

0004a30b001febcf,-115,-12,868100000,3,0,1,LOC2,2019-04-23 21:32:16.960568,timhme

0004a30b001febcf,-114,-12.8,868100000,3,0,1,LOC4,2019-04-23 21:32:25.320236,timhme

0004a30b001febcf,-114,-12.5,868100000,3,0,1,LOC4,2019-04-23 21:33:16.684447,timhme

0004a30b001febcf,-115,-12.5,868100000,3,0,1,LOC6,2019-04-23 21:33:25.051942,timhme

0004a30b001febcf,-117,-12.8,868100000,3,0,1,LOC6,2019-04-23 21:34:16.423759,timhme

0004a30b001febcf,-114,-12.3,868100000,2,0,1,LOC8,2019-04-23 21:34:33.735346,timhme

0004a30b001febcf,-114,-12.3,868100000,3,0,1,LOC10,2019-04-23 21:35:24.511597,timhme

0004a30b001febcf,-114,-12.3,868100000,3,0,1,LOC12,2019-04-23 21:36:24.280345,timhme

0004a30b001febcf,-114,-12.8,868100000,3,0,1,LOC16,2019-04-23 21:38:23.754491,timhme

0004a30b001febcf,-114,-12.8,868100000,3,0,1,LOC18,2019-04-23 21:39:23.482740,timhme

0004a30b001febcf,-114,-13,868100000,2,0,1,LOC20,2019-04-23 21:40:32.202383,timhme

0004a30b001febcf,-115,-12,868100000,3,0,1,LOC22,2019-04-23 21:41:27.380482,timhme

0004a30b001febcf,-115,-11.5,868100000,2,0,1,LOC24,2019-04-23 21:42:31.698812,timhme

0004a30b001febcf,-115,-11,868100000,3,0,1,LOC2,2019-04-23 21:46:30.297998,timhme

0004a30b001febcf,-115,-12,868100000,3,0,1,LOC4,2019-04-23 21:47:50.409345,timhme

0004a30b001febcf,-115,-12,868100000,2,0,1,LOC6,2019-04-23 21:48:54.671247,timhme

0004a30b001febcf,-114,-13,868100000,3,0,1,LOC10,2019-04-23 21:50:49.589610,timhme

0004a30b001febcf,-115,-12.8,868100000,3,0,1,LOC12,2019-04-23 21:51:28.901516,timhme

0004a30b001febcf,-115,-12.5,868100000,3,0,1,LOC16,2019-04-23 21:53:48.853665,timhme

0004a30b001febcf,-115,-13.3,868100000,3,0,1,LOC18,2019-04-23 21:54:28.144650,timhme

0004a30b001febcf,-115,-13.5,868100000,3,0,1,LOC20,2019-04-23 21:55:48.288145,timhme

0004a30b001febcf,-115,-13.3,868100000,3,0,1,LOC22,2019-04-23 21:56:48.008216,timhme

0004a30b001febcf,-114,-12.5,868100000,2,0,1,LOC24,2019-04-23 21:57:52.341780,timhme

0004a30b001febcf,-115,-12.3,868100000,2,0,1,LOC26,2019-04-23 21:58:52.062587,timhme

0004a30b001febcf,-115,-13.5,868100000,3,0,1,LOC28,2019-04-23 21:59:47.241894,timhme

0004a30b001febcf,-113,-13.5,868100000,3,0,1,LOC30,2019-04-23 22:00:46.990435,timhme

0004a30b001febcf,-115,-13,868100000,3,0,1,LOC4,2019-04-23 22:02:38.571933,timhme

0004a30b001febcf,-115,-13.3,868100000,3,0,1,LOC12,2019-04-23 22:06:49.951947,timhme

0004a30b001febcf,-114,-11.8,868100000,3,0,1,LOC14,2019-04-23 22:07:37.246438,timhme

0004a30b001febcf,-114,-12.3,868100000,3,0,1,LOC16,2019-04-23 22:08:49.405470,timhme

0004a30b001febcf,-114,-12.3,868100000,3,0,1,LOC18,2019-04-23 22:09:49.130849,timhme

0004a30b001febcf,-117,-14,868100000,3,0,1,LOC22,2019-04-23 22:11:36.162930,timhme

0004a30b001febcf,-115,-12.5,868100000,3,0,1,LOC24,2019-04-23 22:12:35.925005,timhme

0004a30b001febcf,-113,-12,868100000,3,0,1,LOC26,2019-04-23 22:13:35.645091,timhme

