0004a30b001febcf,-37,8.5,868300000,0,0,1,ping,2019-04-24 00:06:17.220425,appartment
0004a30b001febcf,-34,10.5,868500000,0,1,1,F15D1,2019-04-24 00:06:22.797545,appartment
0004a30b001febcf,-33,9.5,868100000,0,2,1,F15D2,2019-04-24 00:06:29.367199,appartment
0004a30b001febcf,-48,9.5,868500000,5,3,1,F15D3,2019-04-24 00:06:34.832719,appartment
0004a30b001febcf,-46,10,868300000,5,4,1,F15D4,2019-04-24 00:06:38.953667,appartment
0004a30b001febcf,-48,9.8,868100000,5,5,1,F15D5,2019-04-24 00:06:43.123873,appartment
0004a30b001febcf,-49,9.3,868500000,5,6,1,F15D6,2019-04-24 00:06:47.279326,appartment
0004a30b001febcf,-48,9.3,868500000,5,7,1,F15D7,2019-04-24 00:06:51.409365,appartment
0004a30b001febcf,-46,9.5,868100000,5,8,1,F15D8,2019-04-24 00:06:59.879406,appartment
0004a30b001febcf,-41,10.3,868100000,4,9,1,F15D9,2019-04-24 00:07:04.062056,appartment
0004a30b001febcf,-42,8.8,868300000,5,10,1,F15D10,2019-04-24 00:07:08.265786,appartment
0004a30b001febcf,-52,9,868100000,5,11,1,F15D11,2019-04-24 00:07:12.389030,appartment
0004a30b001febcf,-48,10.3,868500000,5,12,1,F15D12,2019-04-24 00:07:16.561416,appartment
0004a30b001febcf,-52,9.8,868100000,5,13,1,F15D13,2019-04-24 00:07:20.727438,appartment
0004a30b001febcf,-48,9,868500000,5,14,1,F15D14,2019-04-24 00:07:24.890729,appartment
0004a30b001febcf,-49,9.8,868100000,5,15,1,F15D15,2019-04-24 00:07:29.002000,appartment
0004a30b001febcf,-47,8.8,868100000,5,16,1,F15D16,2019-04-24 00:07:33.186326,appartment
0004a30b001febcf,-47,9,868300000,5,17,1,F15D17,2019-04-24 00:07:37.348278,appartment
0004a30b001febcf,-48,10.3,868300000,5,18,1,F15D18,2019-04-24 00:07:41.454362,appartment
0004a30b001febcf,-45,8.5,868300000,5,19,1,F15D19,2019-04-24 00:07:45.625334,appartment
0004a30b001febcf,-45,9.3,868300000,5,20,1,F15D20,2019-04-24 00:07:49.788144,appartment
0004a30b001febcf,-78,7.5,868100000,0,0,1,ping,2019-04-24 00:08:53.711552,appartment
0004a30b001febcf,-72,7.8,868300000,0,1,1,F15D1,2019-04-24 00:08:59.315905,appartment
0004a30b001febcf,-89,7.8,868500000,0,0,1,ping,2019-04-24 00:09:22.582630,appartment
0004a30b001febcf,-83,8.3,868300000,0,1,1,F45D1,2019-04-24 00:09:28.206256,appartment
0004a30b001febcf,-84,8.5,868500000,0,0,1,ping,2019-04-24 00:09:55.720651,appartment
0004a30b001febcf,-81,9.3,868300000,0,1,1,F14D1,2019-04-24 00:10:01.380284,appartment
0004a30b001febcf,-94,8.8,868100000,0,2,1,F14D2,2019-04-24 00:10:07.878001,appartment
0004a30b001febcf,-99,9.3,868300000,5,3,1,F14D3,2019-04-24 00:10:13.299298,appartment
0004a30b001febcf,-111,2.3,868500000,5,4,1,F14D4,2019-04-24 00:10:17.466084,appartment
0004a30b001febcf,-110,1.3,868100000,5,5,1,F14D5,2019-04-24 00:10:21.626961,appartment
0004a30b001febcf,-114,-6,868100000,5,6,1,F14D6,2019-04-24 00:10:25.791005,appartment
0004a30b001febcf,-113,-2.8,868100000,5,7,1,F14D7,2019-04-24 00:10:29.958744,appartment
0004a30b001febcf,-95,10.3,868100000,4,7,1,F14D7,2019-04-24 00:10:38.573186,appartment
0004a30b001febcf,-100,8.5,868500000,5,8,1,F14D8,2019-04-24 00:10:42.742533,appartment
0004a30b001febcf,-101,8,868500000,5,9,1,F14D9,2019-04-24 00:10:46.907300,appartment
0004a30b001febcf,-97,8,868300000,5,10,1,F14D10,2019-04-24 00:10:51.068411,appartment
0004a30b001febcf,-105,6.3,868300000,5,11,1,F14D11,2019-04-24 00:10:55.233863,appartment
0004a30b001febcf,-102,7,868100000,5,12,1,F14D12,2019-04-24 00:10:59.345249,appartment
0004a30b001febcf,-105,6.3,868100000,5,13,1,F14D13,2019-04-24 00:11:03.519465,appartment
0004a30b001febcf,-103,8,868300000,5,14,1,F14D14,2019-04-24 00:11:07.682181,appartment
0004a30b001febcf,-100,7.8,868300000,5,15,1,F14D15,2019-04-24 00:11:11.849435,appartment
0004a30b001febcf,-99,8.3,868100000,5,16,1,F14D16,2019-04-24 00:11:15.963619,appartment
0004a30b001febcf,-101,6.3,868500000,5,17,1,F14D17,2019-04-24 00:11:20.136467,appartment
0004a30b001febcf,-96,7.5,868500000,5,18,1,F14D18,2019-04-24 00:11:24.295577,appartment
0004a30b001febcf,-100,9.5,868500000,5,19,1,F14D19,2019-04-24 00:11:28.410121,appartment
0004a30b001febcf,-96,9.8,868300000,5,20,1,F14D20,2019-04-24 00:11:32.581598,appartment
0004a30b001febcf,-109,3.3,868500000,5,21,1,F14D1,2019-04-24 00:11:56.747275,appartment
0004a30b001febcf,-111,1.5,868500000,5,22,1,F14D2,2019-04-24 00:12:00.919572,appartment
0004a30b001febcf,-106,5.5,868100000,5,23,1,F14D3,2019-04-24 00:12:05.024507,appartment
0004a30b001febcf,-93,7.5,868500000,0,0,1,ping,2019-04-24 00:12:29.463584,appartment
0004a30b001febcf,-87,11,868100000,0,1,1,F13D1,2019-04-24 00:12:35.073408,appartment
0004a30b001febcf,-91,8,868300000,0,2,1,F13D2,2019-04-24 00:12:41.643680,appartment
0004a30b001febcf,-100,9.3,868100000,5,3,1,F13D3,2019-04-24 00:12:51.360670,appartment
0004a30b001febcf,-100,8.3,868300000,4,4,1,F13D4,2019-04-24 00:12:59.892555,appartment
0004a30b001febcf,-103,6.8,868500000,5,5,1,F13D5,2019-04-24 00:13:04.111481,appartment
0004a30b001febcf,-105,7.3,868100000,5,6,1,F13D6,2019-04-24 00:13:08.235705,appartment
0004a30b001febcf,-111,1.5,868500000,5,7,1,F13D7,2019-04-24 00:13:16.654025,appartment
0004a30b001febcf,-113,-0.8,868100000,4,8,1,F13D8,2019-04-24 00:13:20.881940,appartment
0004a30b001febcf,-106,6.3,868500000,5,9,1,F13D9,2019-04-24 00:13:25.051805,appartment
0004a30b001febcf,-103,6.5,868100000,5,10,1,F13D10,2019-04-24 00:13:29.216276,appartment
0004a30b001febcf,-105,7,868300000,5,11,1,F13D11,2019-04-24 00:13:33.378107,appartment
0004a30b001febcf,-103,6.3,868100000,5,12,1,F13D12,2019-04-24 00:13:37.541529,appartment
0004a30b001febcf,-110,1.8,868100000,5,13,1,F13D13,2019-04-24 00:13:41.702545,appartment
0004a30b001febcf,-113,0.8,868500000,5,14,1,F13D14,2019-04-24 00:13:45.820009,appartment
0004a30b001febcf,-106,5.8,868300000,5,15,1,F13D15,2019-04-24 00:13:49.998732,appartment
0004a30b001febcf,-108,4.3,868500000,5,16,1,F13D16,2019-04-24 00:13:54.157616,appartment
0004a30b001febcf,-109,3.3,868100000,5,17,1,F13D17,2019-04-24 00:13:58.268125,appartment
0004a30b001febcf,-105,5.3,868500000,5,18,1,F13D18,2019-04-24 00:14:02.440394,appartment
0004a30b001febcf,-103,5.8,868300000,5,19,1,F13D19,2019-04-24 00:14:06.600496,appartment
0004a30b001febcf,-103,6.8,868300000,5,20,1,F13D20,2019-04-24 00:14:10.800070,appartment
0004a30b001febcf,-95,8.3,868100000,0,0,1,ping,2019-04-24 00:14:58.165938,appartment
0004a30b001febcf,-93,8.5,868300000,0,1,1,F12D1,2019-04-24 00:15:03.673002,appartment
0004a30b001febcf,-93,7.3,868500000,0,2,1,F12D2,2019-04-24 00:15:10.220663,appartment
0004a30b001febcf,-106,6.3,868300000,5,3,1,F12D3,2019-04-24 00:15:15.636938,appartment
0004a30b001febcf,-113,-0.3,868300000,5,4,1,F12D4,2019-04-24 00:15:19.833539,appartment
0004a30b001febcf,-111,0.3,868100000,5,5,1,F12D5,2019-04-24 00:15:23.961086,appartment
0004a30b001febcf,-111,1.5,868300000,5,6,1,F12D6,2019-04-24 00:15:28.134073,appartment
0004a30b001febcf,-113,-2.3,868300000,5,7,1,F12D7,2019-04-24 00:15:32.296454,appartment
0004a30b001febcf,-106,5.8,868500000,5,8,1,F12D8,2019-04-24 00:15:40.713231,appartment
0004a30b001febcf,-100,10,868300000,4,9,1,F12D9,2019-04-24 00:15:44.886606,appartment
0004a30b001febcf,-101,6.8,868300000,5,10,1,F12D10,2019-04-24 00:15:49.149906,appartment
0004a30b001febcf,-102,7.3,868100000,5,11,1,F12D11,2019-04-24 00:15:53.259876,appartment
0004a30b001febcf,-104,6.5,868500000,5,12,1,F12D12,2019-04-24 00:15:57.444578,appartment
0004a30b001febcf,-103,6.5,868300000,5,13,1,F12D13,2019-04-24 00:16:01.609409,appartment
0004a30b001febcf,-106,7.3,868500000,5,14,1,F12D14,2019-04-24 00:16:05.710833,appartment
0004a30b001febcf,-102,6.5,868100000,5,15,1,F12D15,2019-04-24 00:16:09.885105,appartment
0004a30b001febcf,-104,6.5,868500000,5,16,1,F12D16,2019-04-24 00:16:14.051312,appartment
0004a30b001febcf,-106,3.8,868300000,5,17,1,F12D17,2019-04-24 00:16:18.212734,appartment
0004a30b001febcf,-109,2.3,868500000,5,18,1,F12D18,2019-04-24 00:16:22.324020,appartment
0004a30b001febcf,-107,5,868100000,5,19,1,F12D19,2019-04-24 00:16:26.501945,appartment
0004a30b001febcf,-112,2,868500000,5,20,1,F12D20,2019-04-24 00:16:30.660917,appartment
0004a30b001febcf,-97,7.8,868500000,0,0,1,ping,2019-04-24 00:17:16.175854,appartment
0004a30b001febcf,-97,6.3,868300000,0,1,1,F11D1,2019-04-24 00:17:21.783949,appartment
0004a30b001febcf,-95,7.8,868100000,0,2,1,F11D2,2019-04-24 00:17:28.353258,appartment
0004a30b001febcf,-105,6.3,868300000,5,3,1,F11D3,2019-04-24 00:17:33.771611,appartment
0004a30b001febcf,-108,4,868500000,5,4,1,F11D4,2019-04-24 00:17:37.941741,appartment
0004a30b001febcf,-108,2.5,868100000,5,5,1,F11D5,2019-04-24 00:17:42.105736,appartment
0004a30b001febcf,-108,2.5,868100000,5,6,1,F11D6,2019-04-24 00:17:46.270308,appartment
0004a30b001febcf,-107,4.3,868500000,5,7,1,F11D7,2019-04-24 00:17:50.381093,appartment
0004a30b001febcf,-108,4.3,868100000,5,8,1,F11D8,2019-04-24 00:17:58.866290,appartment
0004a30b001febcf,-106,5.3,868300000,4,9,1,F11D9,2019-04-24 00:18:03.016202,appartment
0004a30b001febcf,-106,6.8,868500000,5,10,1,F11D10,2019-04-24 00:18:07.232606,appartment
0004a30b001febcf,-108,3.3,868100000,5,11,1,F11D11,2019-04-24 00:18:11.404273,appartment
0004a30b001febcf,-106,5,868300000,5,11,1,F11D11,2019-04-24 00:18:15.719483,appartment
0004a30b001febcf,-108,4.5,868500000,5,12,1,F11D12,2019-04-24 00:18:19.839305,appartment
0004a30b001febcf,-105,4.3,868300000,5,13,1,F11D13,2019-04-24 00:18:24.014123,appartment
0004a30b001febcf,-108,5.3,868500000,5,14,1,F11D14,2019-04-24 00:18:28.178364,appartment
0004a30b001febcf,-107,5.8,868300000,5,15,1,F11D15,2019-04-24 00:18:32.340439,appartment
0004a30b001febcf,-108,4.5,868500000,5,16,1,F11D16,2019-04-24 00:18:36.453239,appartment
0004a30b001febcf,-108,4.8,868100000,5,17,1,F11D17,2019-04-24 00:18:40.634013,appartment
0004a30b001febcf,-109,3.5,868100000,5,18,1,F11D18,2019-04-24 00:18:44.787847,appartment
0004a30b001febcf,-107,5,868300000,5,19,1,F11D19,2019-04-24 00:18:48.904728,appartment
0004a30b001febcf,-106,5.5,868100000,5,20,1,F11D20,2019-04-24 00:18:53.075327,appartment
0004a30b001febcf,-110,1.8,868300000,5,21,1,F11D1,2019-04-24 00:19:41.545028,appartment
0004a30b001febcf,-113,1,868500000,4,22,1,F11D2,2019-04-24 00:19:45.707214,appartment
0004a30b001febcf,-109,2.3,868100000,5,23,1,F11D3,2019-04-24 00:19:49.921117,appartment
0004a30b001febcf,-113,-1.5,868500000,5,24,1,F11D4,2019-04-24 00:19:54.097739,appartment
0004a30b001febcf,-113,-3,868300000,5,25,1,F11D5,2019-04-24 00:19:58.268624,appartment
0004a30b001febcf,-113,-8.3,868300000,5,26,1,F11D6,2019-04-24 00:20:02.401906,appartment
0004a30b001febcf,-109,2.5,868100000,0,0,1,ping,2019-04-24 00:20:15.117705,appartment
0004a30b001febcf,-107,3.3,868300000,0,0,1,ping,2019-04-24 00:20:35.340994,appartment
0004a30b001febcf,-105,5.5,868100000,0,1,1,F10D1,2019-04-24 00:20:40.914832,appartment
0004a30b001febcf,-103,6.5,868500000,0,2,1,F10D2,2019-04-24 00:20:47.474121,appartment
0004a30b001febcf,-107,5.5,868300000,5,3,1,F10D3,2019-04-24 00:20:52.948368,appartment
0004a30b001febcf,-114,-1,868100000,5,4,1,F10D4,2019-04-24 00:20:57.110617,appartment
0004a30b001febcf,-113,-3.5,868100000,5,5,1,F10D5,2019-04-24 00:21:01.250114,appartment
0004a30b001febcf,-113,-0.8,868300000,5,6,1,F10D6,2019-04-24 00:21:05.417656,appartment
0004a30b001febcf,-115,-6.3,868300000,5,7,1,F10D7,2019-04-24 00:21:09.573356,appartment
0004a30b001febcf,-114,-3.3,868500000,5,8,1,F10D8,2019-04-24 00:21:13.735534,appartment
0004a30b001febcf,-113,-0.8,868500000,5,9,1,F10D9,2019-04-24 00:21:17.849727,appartment
0004a30b001febcf,-113,-2,868500000,5,10,1,F10D10,2019-04-24 00:21:22.021811,appartment
0004a30b001febcf,-113,-4.8,868100000,4,11,1,F10D11,2019-04-24 00:21:34.785913,appartment
0004a30b001febcf,-113,-4.5,868100000,5,12,1,F10D12,2019-04-24 00:21:39.001021,appartment
0004a30b001febcf,-117,-6.5,868500000,5,13,1,F10D13,2019-04-24 00:21:43.172692,appartment
0004a30b001febcf,-114,-6.3,868100000,5,14,1,F10D14,2019-04-24 00:21:47.335624,appartment
0004a30b001febcf,-117,-7.3,868500000,5,15,1,F10D15,2019-04-24 00:21:51.502372,appartment
0004a30b001febcf,-115,-3,868500000,5,16,1,F10D16,2019-04-24 00:21:59.915452,appartment
0004a30b001febcf,-114,-2,868500000,4,17,1,F10D17,2019-04-24 00:22:04.134976,appartment
0004a30b001febcf,-112,0.3,868500000,5,18,1,F10D18,2019-04-24 00:22:08.361736,appartment
0004a30b001febcf,-114,-2.5,868500000,5,19,1,F10D19,2019-04-24 00:22:12.534709,appartment
0004a30b001febcf,-115,-5.5,868500000,5,20,1,F10D20,2019-04-24 00:22:16.694723,appartment
0004a30b001febcf,-113,-3.5,868500000,5,21,1,F10D1,2019-04-24 00:23:05.123288,appartment
0004a30b001febcf,-107,3,868100000,0,0,1,ping,2019-04-24 00:23:16.637417,appartment
0004a30b001febcf,-106,5.3,868500000,0,1,1,F10D1,2019-04-24 00:23:22.262182,appartment
0004a30b001febcf,-109,4.3,868300000,0,2,1,F10D2,2019-04-24 00:23:28.791269,appartment
0004a30b001febcf,-103,5.5,868300000,0,0,1,ping,2019-04-24 00:23:39.407701,appartment
0004a30b001febcf,-108,3,868100000,0,1,1,F10D1,2019-04-24 00:23:45.031131,appartment
0004a30b001febcf,-108,2,868100000,0,0,1,ping,2019-04-24 00:23:55.353442,appartment
0004a30b001febcf,-106,5.3,868300000,0,1,1,F10D1,2019-04-24 00:24:00.929558,appartment
0004a30b001febcf,-107,3.5,868100000,0,0,1,ping,2019-04-24 00:24:22.636136,appartment
0004a30b001febcf,-108,5.3,868300000,0,1,1,F09D1,2019-04-24 00:24:33.766611,appartment
0004a30b001febcf,-113,-1.5,868100000,0,2,1,F09D2,2019-04-24 00:24:40.347481,appartment
0004a30b001febcf,-108,4.3,868300000,5,3,1,F09D3,2019-04-24 00:24:45.776392,appartment
0004a30b001febcf,-112,-1.3,868500000,5,4,1,F09D4,2019-04-24 00:24:49.956128,appartment
0004a30b001febcf,-114,-3.8,868300000,5,5,1,F09D5,2019-04-24 00:24:54.076313,appartment
0004a30b001febcf,-113,-1.8,868500000,5,6,1,F09D6,2019-04-24 00:24:58.250386,appartment
0004a30b001febcf,-113,-4.5,868300000,5,7,1,F09D7,2019-04-24 00:25:02.417470,appartment
0004a30b001febcf,-114,-2.3,868500000,5,8,1,F09D8,2019-04-24 00:25:06.590708,appartment
0004a30b001febcf,-114,-3.8,868300000,5,9,1,F09D9,2019-04-24 00:25:10.713497,appartment
0004a30b001febcf,-115,-2.5,868500000,5,10,1,F09D10,2019-04-24 00:25:14.830341,appartment
0004a30b001febcf,-113,-2.3,868500000,5,11,1,F09D11,2019-04-24 00:25:19.008089,appartment
0004a30b001febcf,-114,-2,868500000,5,12,1,F09D12,2019-04-24 00:25:23.171070,appartment
0004a30b001febcf,-114,-5.5,868300000,5,13,1,F09D13,2019-04-24 00:25:27.333680,appartment
0004a30b001febcf,-115,-7,868100000,5,14,1,F09D14,2019-04-24 00:25:40.047376,appartment
0004a30b001febcf,-116,-6.8,868500000,4,15,1,F09D15,2019-04-24 00:25:48.575402,appartment
0004a30b001febcf,-112,-1.8,868100000,5,16,1,F09D16,2019-04-24 00:25:52.801136,appartment
0004a30b001febcf,-115,-4.8,868500000,5,17,1,F09D17,2019-04-24 00:25:56.976630,appartment
0004a30b001febcf,-115,-6.5,868100000,5,18,1,F09D18,2019-04-24 00:26:01.193119,appartment
0004a30b001febcf,-114,-5,868500000,5,19,1,F09D19,2019-04-24 00:26:05.304143,appartment
0004a30b001febcf,-114,-5.3,868100000,5,20,1,F09D20,2019-04-24 00:26:09.432707,appartment
0004a30b001febcf,-115,-2.8,868300000,0,0,1,ping,2019-04-24 00:27:07.100795,appartment
0004a30b001febcf,-115,-7,868500000,0,1,1,F09D1,2019-04-24 00:27:12.768037,appartment
0004a30b001febcf,-117,-4,868100000,0,0,1,ping,2019-04-24 00:28:01.183899,appartment
0004a30b001febcf,-107,2.3,868300000,0,1,1,F08D1,2019-04-24 00:28:06.766749,appartment
0004a30b001febcf,-115,-7,868500000,0,2,1,F08D2,2019-04-24 00:28:13.323507,appartment
0004a30b001febcf,-112,-1.5,868100000,5,3,1,F08D3,2019-04-24 00:28:18.784176,appartment
0004a30b001febcf,-114,-7.3,868100000,5,4,1,F08D4,2019-04-24 00:28:22.950720,appartment
0004a30b001febcf,-114,-6.3,868100000,5,5,1,F08D5,2019-04-24 00:28:31.368190,appartment
0004a30b001febcf,-114,-7,868100000,4,6,1,F08D6,2019-04-24 00:28:44.242115,appartment
0004a30b001febcf,-114,-3.8,868100000,5,7,1,F08D7,2019-04-24 00:28:48.427276,appartment
0004a30b001febcf,-115,-6.8,868100000,5,8,1,F08D8,2019-04-24 00:28:52.580156,appartment
0004a30b001febcf,-115,-7,868100000,5,9,1,F08D9,2019-04-24 00:29:05.349962,appartment
0004a30b001febcf,-114,-6.3,868100000,4,10,1,F08D10,2019-04-24 00:29:09.517946,appartment
0004a30b001febcf,-114,-4.3,868100000,5,11,1,F08D11,2019-04-24 00:29:13.775890,appartment
0004a30b001febcf,-115,-7.3,868100000,5,12,1,F08D12,2019-04-24 00:29:26.499329,appartment
0004a30b001febcf,-113,-2.3,868300000,5,0,1,F08D13,2019-04-24 00:29:36.311865,appartment
0004a30b001febcf,-111,1.5,868100000,5,1,1,F08D14,2019-04-24 00:29:40.492612,appartment
0004a30b001febcf,-114,-10.5,868100000,4,2,1,F08D15,2019-04-24 00:29:57.312536,appartment
0004a30b001febcf,-105,5.5,868100000,5,0,1,F08D18,2019-04-24 00:30:59.023124,appartment
0004a30b001febcf,-111,0.3,868300000,5,1,1,F08D19,2019-04-24 00:31:03.179245,appartment
0004a30b001febcf,-112,1.3,868500000,5,1,1,F08D19,2019-04-24 00:31:07.492757,appartment
0004a30b001febcf,-112,2,868300000,4,2,1,F08D20,2019-04-24 00:31:15.723947,appartment
0004a30b001febcf,-112,1,868500000,0,0,1,ping,2019-04-24 00:32:06.050949,appartment
0004a30b001febcf,-108,3,868100000,0,1,1,F08D1,2019-04-24 00:32:11.669161,appartment
0004a30b001febcf,-108,3,868300000,0,2,1,F08D2,2019-04-24 00:32:18.244029,appartment
0004a30b001febcf,-115,-4,868500000,5,3,1,F08D3,2019-04-24 00:32:23.654665,appartment
0004a30b001febcf,-115,-5.3,868500000,5,4,1,F08D4,2019-04-24 00:32:27.837022,appartment
0004a30b001febcf,-113,3,868500000,0,0,1,ping,2019-04-24 00:32:39.791868,appartment
0004a30b001febcf,-103,5.3,868300000,0,1,1,F08D1,2019-04-24 00:32:45.354860,appartment
0004a30b001febcf,-109,4.8,868100000,0,0,1,ping,2019-04-24 00:33:46.470000,appartment
0004a30b001febcf,-108,3.3,868300000,0,1,1,F07D1,2019-04-24 00:33:52.048613,appartment
0004a30b001febcf,-113,3,868500000,0,2,1,F07D2,2019-04-24 00:33:58.617229,appartment
0004a30b001febcf,-112,-4.8,868300000,5,3,1,F07D3,2019-04-24 00:34:04.074787,appartment
0004a30b001febcf,-115,-2.3,868500000,4,4,1,F07D4,2019-04-24 00:34:16.790938,appartment
0004a30b001febcf,-113,-2,868300000,5,5,1,F07D5,2019-04-24 00:34:21.011044,appartment
0004a30b001febcf,-114,-4.3,868500000,5,6,1,F07D6,2019-04-24 00:34:25.182544,appartment
0004a30b001febcf,-115,-7.5,868300000,4,7,1,F07D7,2019-04-24 00:34:37.995819,appartment
0004a30b001febcf,-116,-7,868500000,4,8,1,F07D8,2019-04-24 00:34:42.218384,appartment
0004a30b001febcf,-115,-5.8,868100000,5,9,1,F07D9,2019-04-24 00:34:46.450469,appartment
0004a30b001febcf,-114,-4,868500000,5,10,1,F07D10,2019-04-24 00:34:50.616009,appartment
0004a30b001febcf,-115,-6.8,868500000,5,11,1,F07D11,2019-04-24 00:34:54.791265,appartment
0004a30b001febcf,-118,-7.8,868500000,5,12,1,F07D12,2019-04-24 00:34:58.944946,appartment
0004a30b001febcf,-110,1.5,868100000,5,0,1,F07D13,2019-04-24 00:35:21.714642,appartment
0004a30b001febcf,-114,-3.3,868300000,5,1,1,F07D14,2019-04-24 00:35:25.873004,appartment
0004a30b001febcf,-112,-1,868300000,5,2,1,F07D15,2019-04-24 00:35:38.332432,appartment
0004a30b001febcf,-108,5.8,868100000,4,3,1,F07D16,2019-04-24 00:35:42.500971,appartment
0004a30b001febcf,-115,-6,868500000,5,4,1,F07D17,2019-04-24 00:35:46.711767,appartment
0004a30b001febcf,-113,-1.3,868300000,5,5,1,F07D18,2019-04-24 00:35:53.946406,appartment
0004a30b001febcf,-114,-3.8,868500000,5,6,1,F07D19,2019-04-24 00:36:01.168394,appartment
0004a30b001febcf,-114,-5.5,868300000,5,7,1,F07D20,2019-04-24 00:36:10.322966,appartment
0004a30b001febcf,-111,5.8,868500000,0,0,1,ping,2019-04-24 00:36:49.853627,appartment
0004a30b001febcf,-101,7.5,868100000,0,1,1,F07D1,2019-04-24 00:36:55.426404,appartment
0004a30b001febcf,-107,6,868100000,0,0,1,ping,2019-04-24 00:37:06.936052,appartment
0004a30b001febcf,-107,5.8,868500000,0,1,1,F07D1,2019-04-24 00:37:12.512222,appartment
0004a30b001febcf,-109,3.8,868300000,0,0,1,ping,2019-04-24 00:40:53.885441,appartment
0004a30b001febcf,-105,4.5,868100000,0,1,1,F06D1,2019-04-24 00:40:59.482990,appartment
0004a30b001febcf,-117,-4.3,868500000,0,2,1,F06D2,2019-04-24 00:41:06.061667,appartment
0004a30b001febcf,-111,0,868100000,5,3,1,F06D3,2019-04-24 00:41:11.471861,appartment
0004a30b001febcf,-114,-5.5,868300000,5,4,1,F06D4,2019-04-24 00:41:15.643548,appartment
0004a30b001febcf,-114,-5.5,868100000,5,5,1,F06D5,2019-04-24 00:41:19.808565,appartment
0004a30b001febcf,-115,-4,868300000,4,6,1,F06D6,2019-04-24 00:41:32.573244,appartment
0004a30b001febcf,-114,-2.8,868100000,5,7,1,F06D7,2019-04-24 00:41:41.080639,appartment
0004a30b001febcf,-114,-5.8,868100000,5,8,1,F06D8,2019-04-24 00:41:49.510305,appartment
0004a30b001febcf,-115,-4.8,868100000,4,8,1,F06D8,2019-04-24 00:41:58.137193,appartment
0004a30b001febcf,-116,-10.3,868500000,4,9,1,F06D9,2019-04-24 00:42:02.413347,appartment
0004a30b001febcf,-113,-6.3,868300000,4,10,1,F06D10,2019-04-24 00:42:06.670155,appartment
0004a30b001febcf,-109,4.5,868100000,5,11,1,F06D11,2019-04-24 00:42:10.883320,appartment
0004a30b001febcf,-114,-5.8,868300000,5,12,1,F06D12,2019-04-24 00:42:15.054282,appartment
0004a30b001febcf,-114,-4.8,868100000,5,13,1,F06D13,2019-04-24 00:42:23.477665,appartment
0004a30b001febcf,-108,5.3,868100000,4,0,1,F06D14,2019-04-24 00:42:41.947863,appartment
0004a30b001febcf,-109,5,868300000,4,1,1,F06D15,2019-04-24 00:42:50.216909,appartment
0004a30b001febcf,-113,-1.8,868100000,4,2,1,F06D16,2019-04-24 00:43:13.070688,appartment
0004a30b001febcf,-115,-5.8,868300000,5,3,1,F06D17,2019-04-24 00:43:21.337998,appartment
0004a30b001febcf,-114,-4.8,868300000,5,4,1,F06D18,2019-04-24 00:43:40.754274,appartment
0004a30b001febcf,-114,-4,868100000,4,5,1,F06D19,2019-04-24 00:43:49.325447,appartment
0004a30b001febcf,-111,2.5,868300000,5,6,1,F06D20,2019-04-24 00:43:55.548021,appartment
0004a30b001febcf,-114,-3,868500000,5,7,1,F06D1,2019-04-24 00:44:39.723529,appartment
0004a30b001febcf,-111,0.8,868300000,0,0,1,ping,2019-04-24 00:49:10.951313,appartment
0004a30b001febcf,-112,2.8,868500000,0,1,1,F05D1,2019-04-24 00:49:16.509265,appartment
0004a30b001febcf,-114,-2,868100000,0,2,1,F05D2,2019-04-24 00:49:23.068700,appartment
0004a30b001febcf,-114,-4.3,868300000,5,3,1,F05D3,2019-04-24 00:49:28.534234,appartment
0004a30b001febcf,-118,-7.5,868500000,5,4,1,F05D4,2019-04-24 00:49:32.696525,appartment
0004a30b001febcf,-117,-7.3,868100000,5,5,1,F05D5,2019-04-24 00:49:36.858617,appartment
0004a30b001febcf,-118,-7.8,868500000,5,6,1,F05D6,2019-04-24 00:49:40.985627,appartment
0004a30b001febcf,-115,-6.8,868100000,5,7,1,F05D7,2019-04-24 00:49:45.146131,appartment
0004a30b001febcf,-118,-7.8,868300000,5,8,1,F05D8,2019-04-24 00:49:49.311601,appartment
0004a30b001febcf,-115,-8.5,868100000,5,9,1,F05D9,2019-04-24 00:49:57.723880,appartment
0004a30b001febcf,-116,-7.3,868300000,4,10,1,F05D10,2019-04-24 00:50:01.950680,appartment
0004a30b001febcf,-118,-7.3,868500000,5,11,1,F05D11,2019-04-24 00:50:10.472199,appartment
0004a30b001febcf,-117,-7.5,868300000,5,12,1,F05D12,2019-04-24 00:50:14.590925,appartment
0004a30b001febcf,-116,-4.5,868500000,5,13,1,F05D13,2019-04-24 00:50:23.016852,appartment
0004a30b001febcf,-117,-11.5,868100000,4,14,1,F05D14,2019-04-24 00:50:40.150485,appartment
0004a30b001febcf,-117,-10.3,868100000,4,15,1,F05D15,2019-04-24 00:50:48.716489,appartment
0004a30b001febcf,-114,-8,868100000,5,16,1,F05D16,2019-04-24 00:50:52.931984,appartment
0004a30b001febcf,-115,-3,868100000,5,0,1,F05D17,2019-04-24 00:51:02.814250,appartment
0004a30b001febcf,-115,-5,868300000,5,1,1,F05D18,2019-04-24 00:51:06.977329,appartment
0004a30b001febcf,-117,-13,868100000,3,2,1,F05D19,2019-04-24 00:51:53.080177,appartment
0004a30b001febcf,-114,-1.3,868100000,5,0,1,F05D20,2019-04-24 00:51:58.609417,appartment
0004a30b001febcf,-111,2.3,868300000,5,1,1,F05D1,2019-04-24 00:52:42.781236,appartment
0004a30b001febcf,-114,-0.5,868100000,5,2,1,F05D2,2019-04-24 00:52:46.898760,appartment
0004a30b001febcf,-111,4.3,868500000,5,3,1,F05D3,2019-04-24 00:52:51.072660,appartment
0004a30b001febcf,-113,1.5,868100000,5,4,1,F05D4,2019-04-24 00:52:59.234885,appartment
0004a30b001febcf,-112,2.5,868100000,0,0,1,ping,2019-04-24 00:53:34.201588,appartment
0004a30b001febcf,-108,3.8,868300000,0,1,1,F04D1,2019-04-24 00:53:39.765014,appartment
0004a30b001febcf,-113,3.5,868500000,0,2,1,F04D2,2019-04-24 00:53:46.324644,appartment
0004a30b001febcf,-113,1.3,868100000,5,3,1,F04D3,2019-04-24 00:53:51.800197,appartment
0004a30b001febcf,-115,-5.3,868300000,5,4,1,F04D4,2019-04-24 00:53:55.953996,appartment
0004a30b001febcf,-116,-6,868500000,5,5,1,F04D5,2019-04-24 00:54:04.370534,appartment
0004a30b001febcf,-118,-5.3,868500000,4,6,1,F04D6,2019-04-24 00:54:08.594269,appartment
0004a30b001febcf,-117,-2,868500000,5,7,1,F04D7,2019-04-24 00:54:12.765868,appartment
0004a30b001febcf,-117,-5.5,868500000,5,8,1,F04D8,2019-04-24 00:54:25.533111,appartment
0004a30b001febcf,-117,-10.8,868100000,4,9,1,F04D9,2019-04-24 00:54:29.741865,appartment
0004a30b001febcf,-115,-4,868300000,5,10,1,F04D10,2019-04-24 00:54:33.965756,appartment
0004a30b001febcf,-115,-4.5,868300000,5,10,1,F04D10,2019-04-24 00:54:38.242037,appartment
0004a30b001febcf,-119,-7,868500000,5,11,1,F04D11,2019-04-24 00:54:42.414671,appartment
0004a30b001febcf,-117,-10.5,868100000,4,12,1,F04D12,2019-04-24 00:54:55.165419,appartment
0004a30b001febcf,-115,-10,868300000,4,13,1,F04D13,2019-04-24 00:55:03.780696,appartment
0004a30b001febcf,-113,2.8,868500000,5,0,1,F04D14,2019-04-24 00:55:13.658505,appartment
0004a30b001febcf,-113,0,868300000,5,1,1,F04D15,2019-04-24 00:55:17.818213,appartment
0004a30b001febcf,-117,-8,868100000,5,2,1,F04D16,2019-04-24 00:55:22.030299,appartment
0004a30b001febcf,-115,-2.3,868500000,5,3,1,F04D17,2019-04-24 00:55:30.204864,appartment
0004a30b001febcf,-116,-6.3,868300000,5,4,1,F04D18,2019-04-24 00:55:34.368099,appartment
0004a30b001febcf,-118,-4.8,868500000,4,4,1,F04D18,2019-04-24 00:55:46.981090,appartment
0004a30b001febcf,-117,-7.5,868300000,4,5,1,F04D19,2019-04-24 00:55:51.257383,appartment
0004a30b001febcf,-115,-11.3,868100000,4,6,1,F04D20,2019-04-24 00:55:55.527123,appartment
0004a30b001febcf,-115,-8.3,868100000,3,7,1,F04D1,2019-04-24 00:57:08.937201,appartment
0004a30b001febcf,-114,0.8,868100000,0,0,1,ping,2019-04-24 00:57:38.315582,appartment
0004a30b001febcf,-117,-9,868500000,0,1,1,F03D1,2019-04-24 00:57:43.877424,appartment
0004a30b001febcf,-114,-2.3,868300000,0,2,1,F03D2,2019-04-24 00:57:50.447654,appartment
0004a30b001febcf,-113,-0.8,868100000,5,3,1,F03D3,2019-04-24 00:57:55.904062,appartment
0004a30b001febcf,-117,-4.8,868100000,4,4,1,F03D4,2019-04-24 00:58:13.268737,appartment
0004a30b001febcf,-115,-5.3,868100000,3,5,1,F03D5,2019-04-24 00:58:22.040807,appartment
0004a30b001febcf,-114,-4.8,868300000,5,6,1,F03D6,2019-04-24 00:58:26.317095,appartment
0004a30b001febcf,-115,-1.8,868100000,5,7,1,F03D7,2019-04-24 00:58:30.478962,appartment
0004a30b001febcf,-115,-8,868300000,5,8,1,F03D8,2019-04-24 00:58:34.642289,appartment
0004a30b001febcf,-117,-6,868300000,5,9,1,F03D9,2019-04-24 00:58:38.805147,appartment
0004a30b001febcf,-114,-6.3,868300000,5,10,1,F03D10,2019-04-24 00:58:47.217346,appartment
0004a30b001febcf,-117,-11.3,868500000,4,11,1,F03D11,2019-04-24 00:58:51.441658,appartment
0004a30b001febcf,-114,-2,868100000,5,12,1,F03D12,2019-04-24 00:58:55.676694,appartment
0004a30b001febcf,-118,-6.8,868300000,5,13,1,F03D13,2019-04-24 00:58:59.841016,appartment
0004a30b001febcf,-116,-7.5,868300000,5,14,1,F03D14,2019-04-24 00:59:04.005092,appartment
0004a30b001febcf,-115,-6,868300000,5,15,1,F03D15,2019-04-24 00:59:08.115848,appartment
0004a30b001febcf,-117,-5.3,868100000,5,16,1,F03D16,2019-04-24 00:59:20.839230,appartment
0004a30b001febcf,-115,-6.8,868300000,5,17,1,F03D17,2019-04-24 00:59:25.013668,appartment
0004a30b001febcf,-115,-5.8,868100000,5,18,1,F03D18,2019-04-24 00:59:29.176397,appartment
0004a30b001febcf,-115,-5.3,868100000,5,19,1,F03D19,2019-04-24 00:59:33.292094,appartment
0004a30b001febcf,-115,-5,868100000,5,20,1,F03D20,2019-04-24 00:59:37.461840,appartment
0004a30b001febcf,-112,2.3,868100000,0,0,1,ping,2019-04-24 01:00:23.331835,appartment
0004a30b001febcf,-115,-1.8,868500000,0,1,1,F03D1,2019-04-24 01:00:28.900611,appartment
0004a30b001febcf,-117,-3.8,868500000,0,0,1,ping,2019-04-24 01:02:53.609030,appartment
0004a30b001febcf,-113,0,868100000,0,1,1,F02D1,2019-04-24 01:02:59.233365,appartment
0004a30b001febcf,-112,1.5,868100000,0,2,1,F02D2,2019-04-24 01:03:11.297276,appartment
0004a30b001febcf,-115,-8.3,868500000,5,3,1,F02D3,2019-04-24 01:03:16.763349,appartment
0004a30b001febcf,-112,1.8,868100000,5,4,1,F02D4,2019-04-24 01:03:20.921089,appartment
0004a30b001febcf,-117,-7,868100000,5,5,1,F02D5,2019-04-24 01:03:25.085008,appartment
0004a30b001febcf,-119,-10.5,868500000,4,6,1,F02D6,2019-04-24 01:03:42.150753,appartment
0004a30b001febcf,-113,-1.3,868100000,4,7,1,F02D7,2019-04-24 01:03:54.966002,appartment
0004a30b001febcf,-115,-6.5,868100000,5,8,1,F02D8,2019-04-24 01:03:59.202459,appartment
0004a30b001febcf,-111,4,868500000,5,0,1,F02D9,2019-04-24 01:04:13.317476,appartment
0004a30b001febcf,-112,-0.5,868100000,5,1,1,F02D10,2019-04-24 01:04:17.443722,appartment
0004a30b001febcf,-108,2.8,868300000,5,2,1,F02D11,2019-04-24 01:04:21.609728,appartment
0004a30b001febcf,-107,4.5,868100000,5,3,1,F02D12,2019-04-24 01:04:29.772450,appartment
0004a30b001febcf,-112,1.5,868500000,5,4,1,F02D13,2019-04-24 01:04:33.936434,appartment
0004a30b001febcf,-111,2,868300000,5,5,1,F02D14,2019-04-24 01:04:38.106160,appartment
0004a30b001febcf,-110,3.5,868100000,5,6,1,F02D15,2019-04-24 01:04:46.265981,appartment
0004a30b001febcf,-113,-0.5,868500000,5,7,1,F02D16,2019-04-24 01:04:50.427053,appartment
0004a30b001febcf,-111,0.8,868300000,5,8,1,F02D17,2019-04-24 01:04:54.639958,appartment
0004a30b001febcf,-113,1.3,868100000,5,9,1,F02D18,2019-04-24 01:05:01.763330,appartment
0004a30b001febcf,-114,-2.3,868500000,5,10,1,F02D19,2019-04-24 01:05:06.936229,appartment
0004a30b001febcf,-112,0.3,868300000,5,11,1,F02D20,2019-04-24 01:05:11.103230,appartment
0004a30b001febcf,-119,-5.3,868500000,0,0,1,ping,2019-04-24 01:05:58.024443,appartment
0004a30b001febcf,-118,-7.3,868300000,0,1,1,F02D1,2019-04-24 01:06:03.643969,appartment
0004a30b001febcf,-114,0.5,868500000,0,0,1,ping,2019-04-24 01:12:48.950804,appartment
0004a30b001febcf,-112,-1.3,868100000,0,1,1,F01D1,2019-04-24 01:13:00.066451,appartment
0004a30b001febcf,-113,-0.5,868300000,0,2,1,F01D2,2019-04-24 01:13:06.584433,appartment
0004a30b001febcf,-115,-1.8,868100000,5,3,1,F01D3,2019-04-24 01:13:12.067766,appartment
0004a30b001febcf,-114,-4.3,868100000,5,4,1,F01D4,2019-04-24 01:13:16.247858,appartment
0004a30b001febcf,-117,-7.8,868100000,5,5,1,F01D5,2019-04-24 01:13:20.405911,appartment
0004a30b001febcf,-117,-7.8,868100000,5,6,1,F01D6,2019-04-24 01:13:28.821343,appartment
0004a30b001febcf,-118,-6.5,868500000,5,7,1,F01D7,2019-04-24 01:13:32.992915,appartment
0004a30b001febcf,-115,-7.5,868100000,5,8,1,F01D8,2019-04-24 01:13:37.106279,appartment
0004a30b001febcf,-115,-6.5,868300000,5,9,1,F01D9,2019-04-24 01:13:41.281863,appartment
0004a30b001febcf,-115,-7.8,868100000,5,10,1,F01D10,2019-04-24 01:13:49.691400,appartment
0004a30b001febcf,-117,-9.5,868100000,4,11,1,F01D11,2019-04-24 01:13:53.925161,appartment
0004a30b001febcf,-117,-4.5,868500000,5,12,1,F01D12,2019-04-24 01:13:58.144162,appartment
0004a30b001febcf,-117,-8.3,868500000,5,13,1,F01D13,2019-04-24 01:14:06.618109,appartment
0004a30b001febcf,-115,-7.3,868100000,5,14,1,F01D14,2019-04-24 01:14:10.778086,appartment
0004a30b001febcf,-118,-8.3,868500000,5,15,1,F01D15,2019-04-24 01:14:14.890723,appartment
0004a30b001febcf,-117,-8,868100000,5,16,1,F01D16,2019-04-24 01:14:19.072411,appartment
0004a30b001febcf,-115,-8.8,868100000,5,17,1,F01D17,2019-04-24 01:14:23.238627,appartment
0004a30b001febcf,-117,-7.3,868300000,5,18,1,F01D18,2019-04-24 01:14:27.362607,appartment
0004a30b001febcf,-116,-6,868500000,5,19,1,F01D19,2019-04-24 01:14:31.534064,appartment
0004a30b001febcf,-113,-1.3,868500000,5,0,1,F01D20,2019-04-24 01:14:58.595431,appartment
0004a30b001febcf,-119,-12.3,868300000,0,0,1,ping,2019-04-24 01:15:41.826653,appartment
0004a30b001febcf,-118,-13.3,868500000,0,1,1,F00D1,2019-04-24 01:16:35.650835,appartment
0004a30b001febcf,-118,-11,868300000,0,2,1,F00D2,2019-04-24 01:16:42.221835,appartment
0004a30b001febcf,-117,-11.8,868100000,0,3,1,F00D3,2019-04-24 01:16:48.930331,appartment
0004a30b001febcf,-117,-13.8,868300000,2,4,1,F00D4,2019-04-24 01:16:54.655627,appartment
0004a30b001febcf,-118,-14.5,868500000,3,5,1,F00D5,2019-04-24 01:16:59.284280,appartment
0004a30b001febcf,-118,-13.8,868500000,3,6,1,F00D6,2019-04-24 01:17:08.048570,appartment
0004a30b001febcf,-119,-12,868500000,2,7,1,F00D7,2019-04-24 01:17:12.614814,appartment
0004a30b001febcf,-117,-11,868100000,2,8,1,F00D8,2019-04-24 01:17:17.379506,appartment
0004a30b001febcf,-118,-13.3,868500000,3,9,1,F00D9,2019-04-24 01:17:21.942899,appartment
0004a30b001febcf,-115,-11.5,868100000,3,10,1,F00D10,2019-04-24 01:17:26.354893,appartment
0004a30b001febcf,-115,-11.3,868100000,3,11,1,F00D11,2019-04-24 01:17:30.735998,appartment
0004a30b001febcf,-117,-11.3,868100000,3,12,1,F00D12,2019-04-24 01:17:35.148662,appartment
0004a30b001febcf,-118,-11.3,868300000,3,13,1,F00D13,2019-04-24 01:17:39.513306,appartment
0004a30b001febcf,-118,-12,868300000,3,14,1,F00D14,2019-04-24 01:17:43.884798,appartment
0004a30b001febcf,-117,-12,868500000,3,14,1,F00D14,2019-04-24 01:17:48.345320,appartment
0004a30b001febcf,-115,-12,868100000,3,15,1,F00D15,2019-04-24 01:17:52.717058,appartment
0004a30b001febcf,-117,-11,868100000,3,16,1,F00D16,2019-04-24 01:17:57.117037,appartment
0004a30b001febcf,-115,-11.8,868100000,3,17,1,F00D17,2019-04-24 01:18:01.489415,appartment
0004a30b001febcf,-118,-11,868300000,3,18,1,F00D18,2019-04-24 01:18:05.911404,appartment
0004a30b001febcf,-115,-12.3,868100000,3,19,1,F00D19,2019-04-24 01:18:10.279459,appartment
0004a30b001febcf,-115,-12,868100000,3,20,1,F00D20,2019-04-24 01:18:14.695925,appartment
0004a30b001febcf,-117,-5,868300000,0,0,1,ping,2019-04-24 01:22:30.521174,appartment
0004a30b001febcf,-119,-11,868500000,0,1,1,F00D1,2019-04-24 01:22:36.090583,appartment
0004a30b001febcf,-119,-13,868300000,0,0,1,ping,2019-04-24 01:23:00.753858,appartment
0004a30b001febcf,-115,-14.3,868100000,0,1,1,A00D1,2019-04-24 01:23:11.929687,appartment
0004a30b001febcf,-118,-13,868300000,0,1,1,A00D1,2019-04-24 01:23:17.478119,appartment
0004a30b001febcf,-117,-6.8,868100000,0,2,1,A00D2,2019-04-24 01:23:23.994207,appartment
0004a30b001febcf,-115,-8,868300000,0,3,1,A00D3,2019-04-24 01:23:30.717547,appartment
0004a30b001febcf,-117,-7.3,868100000,3,4,1,A00D4,2019-04-24 01:23:44.991694,appartment
0004a30b001febcf,-117,-10.8,868100000,3,5,1,A00D5,2019-04-24 01:23:49.367805,appartment
0004a30b001febcf,-118,-12.3,868500000,2,6,1,A00D6,2019-04-24 01:24:02.790998,appartment
0004a30b001febcf,-117,-8,868100000,5,0,1,A00D7,2019-04-24 01:24:17.313779,appartment
0004a30b001febcf,-118,-6.5,868300000,5,1,1,A00D8,2019-04-24 01:24:21.486393,appartment
0004a30b001febcf,-118,-6.3,868300000,5,2,1,A00D9,2019-04-24 01:24:33.905544,appartment
0004a30b001febcf,-117,-7.3,868100000,4,3,1,A00D10,2019-04-24 01:24:38.124553,appartment
0004a30b001febcf,-118,-7,868500000,4,4,1,A00D11,2019-04-24 01:24:42.402405,appartment
0004a30b001febcf,-115,-4.5,868300000,5,5,1,A00D12,2019-04-24 01:25:07.927496,appartment
0004a30b001febcf,-115,-5.3,868100000,5,6,1,A00D13,2019-04-24 01:25:12.086110,appartment
0004a30b001febcf,-118,-6.5,868500000,5,7,1,A00D14,2019-04-24 01:25:16.250599,appartment
0004a30b001febcf,-117,-6.5,868300000,5,8,1,A00D15,2019-04-24 01:25:25.474707,appartment
0004a30b001febcf,-114,-6.5,868300000,4,9,1,A00D16,2019-04-24 01:25:42.240732,appartment
0004a30b001febcf,-115,-6,868500000,4,10,1,A00D17,2019-04-24 01:25:46.503797,appartment
0004a30b001febcf,-114,-6.5,868100000,5,11,1,A00D18,2019-04-24 01:25:50.714791,appartment
0004a30b001febcf,-115,-6.5,868300000,5,12,1,A00D20,2019-04-24 01:26:14.292074,appartment
0004a30b001febcf,-115,-6.3,868500000,4,12,1,A00D20,2019-04-24 01:26:18.603366,appartment
0004a30b001febcf,-114,-4.5,868100000,4,13,1,A01D1,2019-04-24 01:26:32.971271,appartment
0004a30b001febcf,-114,-5.5,868300000,5,14,1,A01D2,2019-04-24 01:26:37.092207,appartment
0004a30b001febcf,-114,-2,868300000,5,15,1,A01D3,2019-04-24 01:26:53.634380,appartment
0004a30b001febcf,-112,1.3,868100000,5,0,1,A01D4,2019-04-24 01:27:08.495197,appartment
0004a30b001febcf,-115,-1.8,868500000,5,0,1,A01D4,2019-04-24 01:27:12.808090,appartment
0004a30b001febcf,-115,-2.3,868300000,4,1,1,A01D5,2019-04-24 01:27:16.981407,appartment
0004a30b001febcf,-114,0.3,868100000,5,2,1,A01D6,2019-04-24 01:27:26.250828,appartment
0004a30b001febcf,-117,-8,868500000,5,3,1,A01D7,2019-04-24 01:27:30.404534,appartment
0004a30b001febcf,-114,-2.8,868300000,5,4,1,A01D8,2019-04-24 01:27:41.669151,appartment
0004a30b001febcf,-114,-1.5,868500000,5,4,1,A01D8,2019-04-24 01:27:50.235769,appartment
0004a30b001febcf,-115,-5,868300000,4,5,1,A01D9,2019-04-24 01:27:59.496304,appartment
0004a30b001febcf,-117,-4.8,868100000,4,6,1,A01D10,2019-04-24 01:28:03.759664,appartment
0004a30b001febcf,-113,2.5,868500000,5,7,1,A01D11,2019-04-24 01:28:07.972004,appartment
0004a30b001febcf,-112,3.8,868500000,5,7,1,A01D11,2019-04-24 01:28:22.254717,appartment
0004a30b001febcf,-113,-6.8,868300000,5,8,1,A01D12,2019-04-24 01:28:28.432985,appartment
0004a30b001febcf,-115,-8,868100000,5,9,1,A01D13,2019-04-24 01:28:34.651943,appartment
0004a30b001febcf,-117,-7,868500000,5,10,1,A01D14,2019-04-24 01:28:39.776605,appartment
0004a30b001febcf,-116,-8,868300000,5,11,1,A01D15,2019-04-24 01:28:45.941749,appartment
0004a30b001febcf,-115,-6.8,868100000,5,12,1,A01D16,2019-04-24 01:28:50.105314,appartment
0004a30b001febcf,-118,-8.8,868500000,5,13,1,A01D17,2019-04-24 01:28:56.270022,appartment
0004a30b001febcf,-115,-7.3,868100000,5,14,1,A01D18,2019-04-24 01:29:06.730300,appartment
0004a30b001febcf,-116,-8,868500000,4,15,1,A01D19,2019-04-24 01:29:11.944949,appartment
0004a30b001febcf,-115,-8.5,868300000,4,16,1,A01D20,2019-04-24 01:29:18.219154,appartment
0004a30b001febcf,-107,6.3,868100000,4,17,1,A02D1,2019-04-24 01:29:32.434971,appartment
0004a30b001febcf,-108,4.3,868500000,5,18,1,A02D2,2019-04-24 01:29:43.707647,appartment
0004a30b001febcf,-114,-3.5,868300000,5,19,1,A02D3,2019-04-24 01:29:49.919325,appartment
0004a30b001febcf,-113,2,868100000,5,0,1,A02D4,2019-04-24 01:30:12.304251,appartment
0004a30b001febcf,-114,-1,868500000,5,1,1,A02D5,2019-04-24 01:30:16.457974,appartment
0004a30b001febcf,-109,3,868300000,5,2,1,A02D6,2019-04-24 01:30:20.630744,appartment
0004a30b001febcf,-107,3.5,868100000,5,3,1,A02D7,2019-04-24 01:30:28.786779,appartment
0004a30b001febcf,-114,-4.3,868300000,5,4,1,A02D8,2019-04-24 01:30:32.950713,appartment
0004a30b001febcf,-114,2,868500000,5,5,1,A02D9,2019-04-24 01:30:37.113553,appartment
0004a30b001febcf,-106,5.8,868100000,5,6,1,A02D10,2019-04-24 01:30:45.276143,appartment
0004a30b001febcf,-118,-7.8,868300000,5,7,1,A02D11,2019-04-24 01:30:49.440594,appartment
0004a30b001febcf,-115,-5.3,868100000,5,8,1,A02D12,2019-04-24 01:31:01.916731,appartment
0004a30b001febcf,-118,-4.5,868500000,4,9,1,A02D13,2019-04-24 01:31:06.065570,appartment
0004a30b001febcf,-113,0.3,868300000,4,10,1,A02D14,2019-04-24 01:31:10.330970,appartment
0004a30b001febcf,-115,-8,868300000,5,11,1,A02D15,2019-04-24 01:31:39.193845,appartment
0004a30b001febcf,-118,-7.8,868500000,4,11,1,A02D15,2019-04-24 01:31:43.510247,appartment
0004a30b001febcf,-114,-7.3,868100000,4,12,1,A02D16,2019-04-24 01:31:51.780951,appartment
0004a30b001febcf,-117,-6.5,868300000,4,13,1,A02D17,2019-04-24 01:31:56.050403,appartment
0004a30b001febcf,-116,-7.8,868500000,4,14,1,A02D19,2019-04-24 01:32:13.411143,appartment
0004a30b001febcf,-113,-0.5,868100000,4,15,1,A02D20,2019-04-24 01:32:23.734720,appartment
0004a30b001febcf,-112,2.5,868300000,5,16,1,A03D1,2019-04-24 01:32:37.899030,appartment
0004a30b001febcf,-115,-4.5,868300000,4,16,1,A03D1,2019-04-24 01:32:48.562491,appartment
0004a30b001febcf,-118,-3.3,868500000,4,17,1,A03D2,2019-04-24 01:33:02.128180,appartment
0004a30b001febcf,-117,-7.8,868300000,5,18,1,A03D4,2019-04-24 01:33:19.441154,appartment
0004a30b001febcf,-111,3.8,868100000,5,19,1,A03D5,2019-04-24 01:33:24.624547,appartment
0004a30b001febcf,-117,-6.8,868500000,5,20,1,A03D6,2019-04-24 01:33:29.796146,appartment
0004a30b001febcf,-115,-3.3,868300000,5,21,1,A03D7,2019-04-24 01:33:34.962429,appartment
0004a30b001febcf,-118,-4.5,868500000,5,0,1,A03D8,2019-04-24 01:33:45.824742,appartment
0004a30b001febcf,-114,-5.8,868300000,5,1,1,A03D9,2019-04-24 01:33:49.938681,appartment
0004a30b001febcf,-115,-6.5,868100000,5,2,1,A03D10,2019-04-24 01:33:54.112907,appartment
0004a30b001febcf,-114,-5,868300000,5,3,1,A03D11,2019-04-24 01:34:02.278546,appartment
0004a30b001febcf,-118,-5.5,868500000,5,4,1,A03D12,2019-04-24 01:34:10.740681,appartment
0004a30b001febcf,-118,-6.5,868300000,4,5,1,A03D13,2019-04-24 01:34:17.956889,appartment
0004a30b001febcf,-113,-2,868100000,4,6,1,A03D14,2019-04-24 01:34:22.227992,appartment
0004a30b001febcf,-113,-0.8,868500000,5,7,1,A03D15,2019-04-24 01:34:26.448240,appartment
0004a30b001febcf,-114,-6,868100000,5,8,1,A03D17,2019-04-24 01:34:54.312805,appartment
0004a30b001febcf,-118,-6,868500000,4,9,1,A03D18,2019-04-24 01:34:58.533641,appartment
0004a30b001febcf,-116,-5,868300000,4,10,1,A03D19,2019-04-24 01:35:07.852682,appartment
0004a30b001febcf,-117,-5.8,868100000,5,11,1,A03D20,2019-04-24 01:35:12.028506,appartment
0004a30b001febcf,-113,-0.3,868500000,5,11,1,A03D20,2019-04-24 01:35:30.341325,appartment
0004a30b001febcf,-112,2,868300000,5,12,1,A04D1,2019-04-24 01:35:44.522460,appartment
0004a30b001febcf,-112,4.5,868500000,5,0,1,A04D1,2019-04-24 01:36:03.404174,appartment
0004a30b001febcf,-114,-1.3,868100000,5,1,1,A04D2,2019-04-24 01:36:11.862881,appartment
0004a30b001febcf,-115,-5,868100000,4,2,1,A04D3,2019-04-24 01:36:24.392506,appartment
0004a30b001febcf,-116,-7.5,868500000,4,3,1,A04D4,2019-04-24 01:36:28.666514,appartment
0004a30b001febcf,-114,-1,868300000,4,4,1,A04D6,2019-04-24 01:36:49.024607,appartment
0004a30b001febcf,-117,-8,868100000,5,5,1,A04D7,2019-04-24 01:36:53.240967,appartment
0004a30b001febcf,-118,-5.8,868500000,5,6,1,A04D8,2019-04-24 01:36:57.351238,appartment
0004a30b001febcf,-115,-4.3,868100000,5,7,1,A04D9,2019-04-24 01:37:10.626642,appartment
0004a30b001febcf,-118,-7.5,868500000,5,8,1,A04D10,2019-04-24 01:37:14.789550,appartment
0004a30b001febcf,-117,-7.8,868100000,5,9,1,A04D11,2019-04-24 01:37:27.208043,appartment
0004a30b001febcf,-118,-2.8,868500000,4,10,1,A04D12,2019-04-24 01:37:31.427515,appartment
0004a30b001febcf,-112,1.5,868300000,5,11,1,A04D13,2019-04-24 01:37:35.650925,appartment
0004a30b001febcf,-110,1.3,868100000,5,11,1,A04D13,2019-04-24 01:37:43.926012,appartment
0004a30b001febcf,-116,-9.3,868300000,5,12,1,A04D14,2019-04-24 01:37:51.143383,appartment
0004a30b001febcf,-112,1,868500000,5,0,1,A04D15,2019-04-24 01:38:22.970101,appartment
0004a30b001febcf,-114,-3.5,868100000,4,1,1,A04D16,2019-04-24 01:38:39.752408,appartment
0004a30b001febcf,-118,-3.3,868300000,4,2,1,A04D17,2019-04-24 01:39:02.603384,appartment
0004a30b001febcf,-119,-5,868500000,5,3,1,A04D18,2019-04-24 01:39:06.827283,appartment
0004a30b001febcf,-113,-1.8,868100000,5,3,1,A04D18,2019-04-24 01:39:11.092484,appartment
0004a30b001febcf,-118,-4.5,868500000,4,3,1,A04D18,2019-04-24 01:39:21.462834,appartment
0004a30b001febcf,-113,0.8,868100000,5,4,1,A04D19,2019-04-24 01:39:28.722487,appartment
0004a30b001febcf,-114,-1.5,868300000,5,5,1,A04D20,2019-04-24 01:39:33.887194,appartment
0004a30b001febcf,-106,7.5,868100000,5,6,1,A05D1,2019-04-24 01:39:48.043113,appartment
0004a30b001febcf,-114,-5,868300000,5,7,1,A05D2,2019-04-24 01:39:52.220096,appartment
0004a30b001febcf,-115,-1.5,868500000,5,8,1,A05D3,2019-04-24 01:39:56.325224,appartment
0004a30b001febcf,-112,0.3,868100000,5,9,1,A05D4,2019-04-24 01:40:02.502801,appartment
0004a30b001febcf,-115,-0.8,868500000,5,10,1,A05D5,2019-04-24 01:40:08.714022,appartment
0004a30b001febcf,-115,-3.8,868300000,5,11,1,A05D6,2019-04-24 01:40:12.838077,appartment
0004a30b001febcf,-113,1.3,868100000,5,12,1,A05D7,2019-04-24 01:40:19.007110,appartment
0004a30b001febcf,-118,-3.3,868500000,5,13,1,A05D8,2019-04-24 01:40:25.172660,appartment
0004a30b001febcf,-115,-3,868300000,5,14,1,A05D9,2019-04-24 01:40:29.335782,appartment
0004a30b001febcf,-113,-2.3,868100000,5,15,1,A05D10,2019-04-24 01:40:34.498062,appartment
0004a30b001febcf,-118,-6.8,868500000,5,16,1,A05D11,2019-04-24 01:40:41.661768,appartment
0004a30b001febcf,-117,-6.3,868300000,5,17,1,A05D12,2019-04-24 01:40:45.834472,appartment
0004a30b001febcf,-115,-4,868100000,5,18,1,A05D13,2019-04-24 01:40:50.988759,appartment
0004a30b001febcf,-117,-5.8,868500000,5,19,1,A05D14,2019-04-24 01:40:58.153155,appartment
0004a30b001febcf,-114,-1,868300000,5,20,1,A05D15,2019-04-24 01:41:02.315180,appartment
0004a30b001febcf,-114,-2.3,868100000,5,21,1,A05D16,2019-04-24 01:41:06.483908,appartment
0004a30b001febcf,-113,2,868500000,5,22,1,A05D17,2019-04-24 01:41:18.947139,appartment
0004a30b001febcf,-117,-5.3,868100000,5,23,1,A05D18,2019-04-24 01:41:23.107945,appartment
0004a30b001febcf,-114,-3.5,868300000,5,24,1,A05D19,2019-04-24 01:41:30.270325,appartment
0004a30b001febcf,-115,-1.3,868500000,5,25,1,A05D20,2019-04-24 01:41:34.440757,appartment
0004a30b001febcf,-111,4.3,868500000,5,26,1,A06D1,2019-04-24 01:41:48.595216,appartment
0004a30b001febcf,-115,-2.8,868100000,5,27,1,A06D2,2019-04-24 01:41:52.770538,appartment
0004a30b001febcf,-117,-2,868500000,5,0,1,A06D3,2019-04-24 01:42:02.600600,appartment
0004a30b001febcf,-114,-4.3,868100000,5,1,1,A06D4,2019-04-24 01:42:06.696337,appartment
0004a30b001febcf,-117,-6,868300000,5,2,1,A06D5,2019-04-24 01:42:10.872629,appartment
0004a30b001febcf,-108,5,868100000,5,3,1,A06D6,2019-04-24 01:42:19.035269,appartment
0004a30b001febcf,-109,2.5,868300000,5,4,1,A06D7,2019-04-24 01:42:23.198415,appartment
0004a30b001febcf,-111,3.5,868500000,5,5,1,A06D8,2019-04-24 01:42:27.367619,appartment
0004a30b001febcf,-104,7.8,868100000,5,6,1,A06D9,2019-04-24 01:42:35.525031,appartment
0004a30b001febcf,-109,4.8,868500000,5,7,1,A06D10,2019-04-24 01:42:39.688844,appartment
0004a30b001febcf,-107,6.8,868300000,5,8,1,A06D11,2019-04-24 01:42:43.852448,appartment
0004a30b001febcf,-112,2.8,868100000,5,9,1,A06D12,2019-04-24 01:42:51.014428,appartment
0004a30b001febcf,-113,2,868500000,5,10,1,A06D13,2019-04-24 01:42:56.182279,appartment
0004a30b001febcf,-114,-5,868300000,5,11,1,A06D14,2019-04-24 01:43:00.353927,appartment
0004a30b001febcf,-115,-1.8,868500000,5,12,1,A06D15,2019-04-24 01:43:11.807700,appartment
0004a30b001febcf,-115,-3.8,868300000,4,13,1,A06D16,2019-04-24 01:43:16.035536,appartment
0004a30b001febcf,-114,-1,868100000,5,14,1,A06D17,2019-04-24 01:43:23.255135,appartment
0004a30b001febcf,-113,1.8,868500000,5,15,1,A06D18,2019-04-24 01:43:28.474837,appartment
0004a30b001febcf,-118,-7.8,868300000,5,16,1,A06D19,2019-04-24 01:43:44.991514,appartment
0004a30b001febcf,-117,-6.5,868100000,5,17,1,A06D20,2019-04-24 01:43:59.427462,appartment
0004a30b001febcf,-111,2,868300000,4,18,1,A07D1,2019-04-24 01:44:17.946909,appartment
0004a30b001febcf,-108,5.3,868500000,5,19,1,A07D2,2019-04-24 01:44:32.466359,appartment
0004a30b001febcf,-113,-1.3,868100000,5,20,1,A07D3,2019-04-24 01:44:36.638903,appartment
0004a30b001febcf,-112,2.3,868300000,5,21,1,A07D4,2019-04-24 01:44:42.803774,appartment
0004a30b001febcf,-110,4,868500000,5,22,1,A07D5,2019-04-24 01:44:48.966037,appartment
0004a30b001febcf,-108,4,868100000,5,23,1,A07D6,2019-04-24 01:44:53.130241,appartment
0004a30b001febcf,-113,1.3,868300000,5,24,1,A07D7,2019-04-24 01:44:59.295602,appartment
0004a30b001febcf,-114,0.5,868500000,5,25,1,A07D8,2019-04-24 01:45:04.462540,appartment
0004a30b001febcf,-115,-3.3,868100000,5,26,1,A07D9,2019-04-24 01:45:09.625181,appartment
0004a30b001febcf,-110,2.8,868300000,5,27,1,A07D10,2019-04-24 01:45:14.790497,appartment
0004a30b001febcf,-115,-3.5,868500000,5,28,1,A07D11,2019-04-24 01:45:20.946996,appartment
0004a30b001febcf,-113,0.3,868100000,5,29,1,A07D12,2019-04-24 01:45:25.122045,appartment
0004a30b001febcf,-113,-1.3,868300000,5,30,1,A07D13,2019-04-24 01:45:31.274273,appartment
0004a30b001febcf,-114,-0.8,868500000,5,31,1,A07D14,2019-04-24 01:45:36.439412,appartment
0004a30b001febcf,-113,-2,868100000,5,32,1,A07D15,2019-04-24 01:45:41.607544,appartment
0004a30b001febcf,-113,1.8,868300000,5,33,1,A07D16,2019-04-24 01:45:46.770031,appartment
0004a30b001febcf,-117,-3.8,868500000,5,34,1,A07D17,2019-04-24 01:45:52.929089,appartment
0004a30b001febcf,-114,-3.8,868300000,5,35,1,A07D18,2019-04-24 01:46:03.391368,appartment
0004a30b001febcf,-118,-6.8,868500000,5,0,1,A07D19,2019-04-24 01:46:20.512884,appartment
0004a30b001febcf,-113,0.8,868300000,5,1,1,A07D20,2019-04-24 01:46:24.644047,appartment
0004a30b001febcf,-91,8.8,868300000,5,2,1,A08D1,2019-04-24 01:46:38.807017,appartment
0004a30b001febcf,-100,8,868500000,5,3,1,A08D2,2019-04-24 01:46:42.969380,appartment
0004a30b001febcf,-102,7,868100000,5,4,1,A08D3,2019-04-24 01:46:47.080817,appartment
0004a30b001febcf,-104,6.5,868500000,5,5,1,A08D4,2019-04-24 01:46:55.308117,appartment
0004a30b001febcf,-104,6.5,868300000,5,6,1,A08D5,2019-04-24 01:46:59.429008,appartment
0004a30b001febcf,-99,7.8,868100000,5,7,1,A08D6,2019-04-24 01:47:03.603678,appartment
0004a30b001febcf,-97,8.8,868500000,5,8,1,A08D7,2019-04-24 01:47:11.765519,appartment
0004a30b001febcf,-104,7,868100000,5,9,1,A08D8,2019-04-24 01:47:15.931804,appartment
0004a30b001febcf,-103,8,868300000,5,10,1,A08D9,2019-04-24 01:47:20.092123,appartment
0004a30b001febcf,-106,5,868500000,5,11,1,A08D10,2019-04-24 01:47:27.257455,appartment
0004a30b001febcf,-106,7,868300000,5,12,1,A08D11,2019-04-24 01:47:32.422265,appartment
0004a30b001febcf,-105,7,868100000,5,13,1,A08D12,2019-04-24 01:47:36.586154,appartment
0004a30b001febcf,-113,1,868500000,5,14,1,A08D13,2019-04-24 01:47:43.758722,appartment
0004a30b001febcf,-102,7.3,868100000,5,15,1,A08D14,2019-04-24 01:47:48.910552,appartment
0004a30b001febcf,-108,4.3,868300000,5,16,1,A08D15,2019-04-24 01:47:53.076629,appartment
0004a30b001febcf,-105,8.3,868500000,5,16,1,A08D15,2019-04-24 01:47:59.344422,appartment
0004a30b001febcf,-101,7.8,868100000,4,17,1,A08D16,2019-04-24 01:48:04.572633,appartment
0004a30b001febcf,-111,3.5,868300000,5,18,1,A08D17,2019-04-24 01:48:08.797469,appartment
0004a30b001febcf,-117,-3,868500000,5,19,1,A08D18,2019-04-24 01:48:15.019404,appartment
0004a30b001febcf,-111,2.3,868300000,5,20,1,A08D19,2019-04-24 01:48:23.192038,appartment
0004a30b001febcf,-112,2.8,868500000,5,21,1,A08D20,2019-04-24 01:48:33.412265,appartment
0004a30b001febcf,-107,4.5,868100000,5,22,1,A09D1,2019-04-24 01:48:47.528137,appartment
0004a30b001febcf,-115,-1.8,868500000,5,23,1,A09D2,2019-04-24 01:48:51.702257,appartment
0004a30b001febcf,-107,5.5,868100000,5,24,1,A09D3,2019-04-24 01:48:55.913501,appartment
0004a30b001febcf,-106,5.5,868300000,5,25,1,A09D4,2019-04-24 01:48:59.990978,appartment
0004a30b001febcf,-114,1.3,868500000,5,26,1,A09D5,2019-04-24 01:49:05.156524,appartment
0004a30b001febcf,-107,5,868100000,5,27,1,A09D6,2019-04-24 01:49:11.318888,appartment
0004a30b001febcf,-106,6,868300000,5,28,1,A09D7,2019-04-24 01:49:15.484223,appartment
0004a30b001febcf,-107,6.5,868100000,5,29,1,A09D8,2019-04-24 01:49:27.945605,appartment
0004a30b001febcf,-102,6.5,868300000,5,30,1,A09D9,2019-04-24 01:49:32.108700,appartment
0004a30b001febcf,-107,6.5,868500000,5,31,1,A09D10,2019-04-24 01:49:37.279600,appartment
0004a30b001febcf,-107,6.5,868300000,5,32,1,A09D11,2019-04-24 01:49:44.444424,appartment
0004a30b001febcf,-114,1.5,868100000,5,33,1,A09D12,2019-04-24 01:49:48.598583,appartment
0004a30b001febcf,-103,7,868500000,5,34,1,A09D13,2019-04-24 01:49:53.772481,appartment
0004a30b001febcf,-115,-4.8,868100000,5,35,1,A09D14,2019-04-24 01:50:00.956974,appartment
0004a30b001febcf,-107,6,868300000,5,36,1,A09D15,2019-04-24 01:50:05.107485,appartment
0004a30b001febcf,-106,6.8,868500000,5,37,1,A09D16,2019-04-24 01:50:09.223472,appartment
0004a30b001febcf,-106,6.5,868300000,5,38,1,A09D17,2019-04-24 01:50:17.446336,appartment
0004a30b001febcf,-109,4.3,868100000,5,39,1,A09D18,2019-04-24 01:50:21.573959,appartment
0004a30b001febcf,-108,6,868500000,5,40,1,A09D19,2019-04-24 01:50:25.750197,appartment
0004a30b001febcf,-109,4.5,868100000,5,41,1,A09D20,2019-04-24 01:50:33.908041,appartment
0004a30b001febcf,-103,6.3,868300000,5,42,1,A010D1,2019-04-24 01:50:48.074641,appartment
0004a30b001febcf,-107,6.3,868100000,5,43,1,A010D2,2019-04-24 01:50:52.234520,appartment
0004a30b001febcf,-109,6,868500000,5,44,1,A010D3,2019-04-24 01:50:56.402578,appartment
0004a30b001febcf,-105,5,868300000,5,45,1,A010D4,2019-04-24 01:51:00.571947,appartment
0004a30b001febcf,-108,5.8,868100000,5,46,1,A010D5,2019-04-24 01:51:05.732901,appartment
0004a30b001febcf,-112,3.5,868500000,5,47,1,A010D6,2019-04-24 01:51:09.858499,appartment
0004a30b001febcf,-115,-2.5,868300000,5,48,1,A010D7,2019-04-24 01:51:13.985594,appartment
0004a30b001febcf,-114,-1.5,868100000,5,49,1,A010D8,2019-04-24 01:51:22.210572,appartment
0004a30b001febcf,-111,3.8,868500000,5,50,1,A010D9,2019-04-24 01:51:26.332748,appartment
0004a30b001febcf,-108,5.8,868300000,5,51,1,A010D10,2019-04-24 01:51:30.504089,appartment
0004a30b001febcf,-112,1.3,868100000,5,52,1,A010D11,2019-04-24 01:51:37.714524,appartment
0004a30b001febcf,-112,2.3,868500000,5,53,1,A010D12,2019-04-24 01:51:41.840009,appartment
0004a30b001febcf,-109,3,868300000,5,54,1,A010D13,2019-04-24 01:51:46.012361,appartment
0004a30b001febcf,-110,3.8,868100000,5,55,1,A010D14,2019-04-24 01:51:51.183395,appartment
0004a30b001febcf,-111,4,868300000,5,56,1,A010D15,2019-04-24 01:52:00.403764,appartment
0004a30b001febcf,-106,5.3,868100000,5,57,1,A010D16,2019-04-24 01:52:08.612867,appartment
0004a30b001febcf,-106,7.8,868300000,5,58,1,A010D17,2019-04-24 01:52:17.797370,appartment
0004a30b001febcf,-106,7.5,868100000,5,59,1,A010D18,2019-04-24 01:52:26.013120,appartment
0004a30b001febcf,-106,7,868300000,5,60,1,A010D19,2019-04-24 01:52:35.237890,appartment
0004a30b001febcf,-104,6.8,868100000,5,61,1,A010D20,2019-04-24 01:52:44.397307,appartment
0004a30b001febcf,-105,6.8,868300000,5,62,1,A011D1,2019-04-24 01:52:58.573350,appartment
0004a30b001febcf,-105,7.3,868100000,5,63,1,A011D2,2019-04-24 01:53:02.736952,appartment
0004a30b001febcf,-113,1,868300000,5,64,1,A011D3,2019-04-24 01:53:08.888108,appartment
0004a30b001febcf,-106,6.8,868100000,5,65,1,A011D4,2019-04-24 01:53:18.104969,appartment
0004a30b001febcf,-110,2.5,868300000,5,66,1,A011D5,2019-04-24 01:53:25.279539,appartment
0004a30b001febcf,-109,1.8,868300000,4,66,1,A011D5,2019-04-24 01:53:41.892276,appartment
0004a30b001febcf,-103,6.8,868100000,5,67,1,A011D6,2019-04-24 01:53:50.164219,appartment
0004a30b001febcf,-114,0.8,868100000,5,68,1,A011D8,2019-04-24 01:54:07.431491,appartment
0004a30b001febcf,-114,-2,868300000,5,69,1,A011D9,2019-04-24 01:54:12.596524,appartment
0004a30b001febcf,-103,7.5,868100000,5,70,1,A011D10,2019-04-24 01:54:24.859664,appartment
0004a30b001febcf,-102,7.8,868300000,5,71,1,A011D11,2019-04-24 01:54:29.021765,appartment
0004a30b001febcf,-101,7.3,868100000,5,72,1,A011D12,2019-04-24 01:54:42.295618,appartment
0004a30b001febcf,-109,4.5,868300000,5,73,1,A011D13,2019-04-24 01:54:46.409798,appartment
0004a30b001febcf,-113,1.8,868100000,5,74,1,A011D15,2019-04-24 01:55:03.673564,appartment
0004a30b001febcf,-111,1.3,868300000,5,75,1,A011D16,2019-04-24 01:55:07.847552,appartment
0004a30b001febcf,-112,1.8,868100000,5,76,1,A011D17,2019-04-24 01:55:18.050297,appartment
0004a30b001febcf,-112,1.5,868300000,5,77,1,A011D18,2019-04-24 01:55:22.232955,appartment
0004a30b001febcf,-112,2.5,868100000,5,78,1,A011D19,2019-04-24 01:55:35.499570,appartment
0004a30b001febcf,-110,2.3,868300000,5,79,1,A011D20,2019-04-24 01:55:39.663338,appartment
0004a30b001febcf,-96,9,868100000,5,80,1,A012D1,2019-04-24 01:55:53.763397,appartment
0004a30b001febcf,-108,4.5,868300000,5,81,1,A012D2,2019-04-24 01:55:57.949182,appartment
0004a30b001febcf,-102,7.3,868100000,5,82,1,A012D3,2019-04-24 01:56:09.153572,appartment
0004a30b001febcf,-112,2.8,868300000,5,83,1,A012D4,2019-04-24 01:56:13.339374,appartment
0004a30b001febcf,-105,7.3,868100000,5,84,1,A012D5,2019-04-24 01:56:25.560335,appartment
0004a30b001febcf,-103,7,868300000,5,85,1,A012D6,2019-04-24 01:56:29.684561,appartment
0004a30b001febcf,-100,8,868100000,5,86,1,A012D7,2019-04-24 01:56:41.906119,appartment
0004a30b001febcf,-102,8.5,868300000,5,87,1,A012D8,2019-04-24 01:56:46.091179,appartment
0004a30b001febcf,-99,7.5,868100000,5,88,1,A012D9,2019-04-24 01:56:57.295343,appartment
0004a30b001febcf,-100,8.8,868300000,5,89,1,A012D10,2019-04-24 01:57:01.469808,appartment
0004a30b001febcf,-102,7.8,868300000,5,90,1,A012D11,2019-04-24 01:57:19.983145,appartment
0004a30b001febcf,-96,10,868100000,4,91,1,A012D12,2019-04-24 01:57:31.262909,appartment
0004a30b001febcf,-97,9.5,868300000,5,92,1,A012D13,2019-04-24 01:57:36.495290,appartment
0004a30b001febcf,-100,8.8,868300000,5,93,1,A012D15,2019-04-24 01:57:54.769231,appartment
0004a30b001febcf,-103,8.5,868100000,5,94,1,A012D16,2019-04-24 01:58:02.980057,appartment
0004a30b001febcf,-106,7.5,868300000,5,95,1,A012D17,2019-04-24 01:58:12.208691,appartment
0004a30b001febcf,-102,7.3,868100000,5,96,1,A012D18,2019-04-24 01:58:20.377498,appartment
0004a30b001febcf,-100,8,868300000,5,97,1,A012D19,2019-04-24 01:58:30.595106,appartment
0004a30b001febcf,-107,4.5,868100000,5,98,1,A012D20,2019-04-24 01:58:37.767429,appartment
0004a30b001febcf,-97,9.8,868300000,5,99,1,A013D1,2019-04-24 01:58:51.928501,appartment
0004a30b001febcf,-95,9.3,868100000,5,100,1,A013D2,2019-04-24 01:58:56.105421,appartment
0004a30b001febcf,-100,8.8,868300000,5,101,1,A013D3,2019-04-24 01:59:03.256736,appartment
0004a30b001febcf,-102,7.8,868100000,5,102,1,A013D4,2019-04-24 01:59:12.469367,appartment
0004a30b001febcf,-101,8,868300000,5,103,1,A013D5,2019-04-24 01:59:19.646051,appartment
0004a30b001febcf,-99,8.5,868100000,5,103,1,A013D5,2019-04-24 01:59:27.968081,appartment
0004a30b001febcf,-95,8.3,868300000,5,104,1,A013D6,2019-04-24 01:59:36.132372,appartment
0004a30b001febcf,-97,8.5,868100000,5,105,1,A013D7,2019-04-24 01:59:44.344143,appartment
0004a30b001febcf,-97,9,868300000,5,106,1,A013D8,2019-04-24 01:59:51.519844,appartment
0004a30b001febcf,-99,9,868100000,5,107,1,A013D9,2019-04-24 01:59:59.734857,appartment
0004a30b001febcf,-109,4.3,868300000,5,108,1,A013D10,2019-04-24 02:00:07.908139,appartment
0004a30b001febcf,-97,9.3,868100000,5,109,1,A013D11,2019-04-24 02:00:16.120445,appartment
0004a30b001febcf,-96,9,868300000,5,110,1,A013D12,2019-04-24 02:00:25.302348,appartment
0004a30b001febcf,-99,9.5,868100000,5,111,1,A013D13,2019-04-24 02:00:33.510072,appartment
0004a30b001febcf,-97,9.8,868300000,5,112,1,A013D14,2019-04-24 02:00:43.731243,appartment
0004a30b001febcf,-95,8.5,868300000,5,113,1,A013D15,2019-04-24 02:01:02.209006,appartment
0004a30b001febcf,-97,9.5,868100000,5,114,1,A013D16,2019-04-24 02:01:09.420726,appartment
0004a30b001febcf,-103,7,868300000,5,115,1,A013D17,2019-04-24 02:01:18.651630,appartment
0004a30b001febcf,-96,8.8,868100000,5,116,1,A013D18,2019-04-24 02:01:27.817820,appartment
0004a30b001febcf,-100,8.3,868300000,5,117,1,A013D19,2019-04-24 02:01:37.030436,appartment
0004a30b001febcf,-99,9.5,868100000,5,118,1,A013D20,2019-04-24 02:01:45.260520,appartment
0004a30b001febcf,-82,9.5,868300000,5,119,1,A014D1,2019-04-24 02:01:59.388083,appartment
0004a30b001febcf,-96,9,868100000,5,120,1,A014D2,2019-04-24 02:02:03.554676,appartment
0004a30b001febcf,-90,9.5,868300000,5,121,1,A014D3,2019-04-24 02:02:10.724939,appartment
0004a30b001febcf,-89,10,868100000,5,122,1,A014D4,2019-04-24 02:02:18.928364,appartment
0004a30b001febcf,-90,9.8,868300000,5,123,1,A014D5,2019-04-24 02:02:26.103595,appartment
0004a30b001febcf,-78,9.8,868100000,5,0,1,A014D5,2019-04-24 02:02:31.770952,appartment
0004a30b001febcf,-80,9.5,868500000,5,1,1,A014D6,2019-04-24 02:02:35.930423,appartment
0004a30b001febcf,-78,9.8,868300000,5,2,1,A014D7,2019-04-24 02:02:40.094913,appartment
0004a30b001febcf,-79,10.3,868500000,5,3,1,A014D8,2019-04-24 02:02:48.257343,appartment
0004a30b001febcf,-87,9,868300000,5,4,1,A014D9,2019-04-24 02:02:52.420199,appartment
0004a30b001febcf,-81,10,868100000,5,5,1,A014D10,2019-04-24 02:02:56.588108,appartment
0004a30b001febcf,-76,9,868500000,5,6,1,A014D11,2019-04-24 02:03:04.805535,appartment
0004a30b001febcf,-70,9.5,868300000,5,7,1,A014D12,2019-04-24 02:03:08.930079,appartment
0004a30b001febcf,-79,10.3,868100000,5,8,1,A014D13,2019-04-24 02:03:13.106311,appartment
0004a30b001febcf,-81,9,868500000,5,9,1,A014D14,2019-04-24 02:03:22.328855,appartment
0004a30b001febcf,-84,9.8,868300000,5,10,1,A014D15,2019-04-24 02:03:26.451498,appartment
0004a30b001febcf,-79,9,868100000,5,11,1,A014D16,2019-04-24 02:03:30.635932,appartment
0004a30b001febcf,-78,8.3,868500000,5,12,1,A014D17,2019-04-24 02:03:39.838245,appartment
0004a30b001febcf,-78,9.3,868300000,5,13,1,A014D18,2019-04-24 02:03:44.013681,appartment
0004a30b001febcf,-78,10,868100000,5,14,1,A014D19,2019-04-24 02:03:48.178985,appartment
0004a30b001febcf,-79,9.5,868500000,5,15,1,A014D20,2019-04-24 02:03:57.343381,appartment
0004a30b001febcf,-73,10.3,868100000,5,16,1,A015D1,2019-04-24 02:04:11.504056,appartment
0004a30b001febcf,-77,9.5,868500000,5,17,1,A015D2,2019-04-24 02:04:15.667063,appartment
0004a30b001febcf,-75,9.8,868100000,5,18,1,A015D3,2019-04-24 02:04:19.832287,appartment
0004a30b001febcf,-59,9.5,868300000,5,19,1,A015D4,2019-04-24 02:04:23.992577,appartment
0004a30b001febcf,-62,9,868500000,5,20,1,A015D5,2019-04-24 02:04:31.157974,appartment
0004a30b001febcf,-54,10.3,868100000,5,21,1,A015D6,2019-04-24 02:04:35.330890,appartment
0004a30b001febcf,-58,9.3,868300000,5,22,1,A015D7,2019-04-24 02:04:39.485405,appartment
0004a30b001febcf,-58,9.3,868500000,5,23,1,A015D8,2019-04-24 02:04:47.649527,appartment
0004a30b001febcf,-59,10,868100000,5,24,1,A015D9,2019-04-24 02:04:51.813839,appartment
0004a30b001febcf,-59,9,868300000,5,25,1,A015D10,2019-04-24 02:04:55.977013,appartment
0004a30b001febcf,-62,8.8,868500000,5,26,1,A015D11,2019-04-24 02:05:04.139571,appartment
0004a30b001febcf,-57,8.8,868100000,5,27,1,A015D12,2019-04-24 02:05:08.302395,appartment
0004a30b001febcf,-66,10.5,868300000,5,28,1,A015D13,2019-04-24 02:05:12.468326,appartment
0004a30b001febcf,-61,10.5,868500000,5,29,1,A015D14,2019-04-24 02:05:21.680533,appartment
0004a30b001febcf,-63,9.3,868100000,5,30,1,A015D15,2019-04-24 02:05:25.852783,appartment
0004a30b001febcf,-60,10,868300000,5,31,1,A015D16,2019-04-24 02:05:30.023749,appartment
0004a30b001febcf,-65,10.3,868500000,5,31,1,A015D16,2019-04-24 02:05:40.305164,appartment
0004a30b001febcf,-61,11.8,868100000,4,32,1,A015D17,2019-04-24 02:05:44.525728,appartment
0004a30b001febcf,-73,10,868300000,5,33,1,A015D18,2019-04-24 02:05:48.739635,appartment
0004a30b001febcf,-72,10.3,868500000,5,33,1,A015D18,2019-04-24 02:05:57.012414,appartment
0004a30b001febcf,-69,10,868300000,5,34,1,A015D19,2019-04-24 02:06:03.174660,appartment
0004a30b001febcf,-67,9.3,868100000,5,35,1,A015D20,2019-04-24 02:06:14.442057,appartment
0004a30b001febcf,-70,9.5,868500000,5,36,1,A00D1,2019-04-24 02:06:28.571656,appartment
